isoA3,year,protected_land_pct,name
ABW,2015,0.25,Aruba
ABW,2016,0.25,Aruba
ABW,2017,9.5,Aruba
ABW,2018,9.5,Aruba
ABW,2019,9.5,Aruba
ABW,2020,9.5,Aruba
ABW,2021,9.5,Aruba
ABW,2022,9.5,Aruba
ABW,2023,9.5,Aruba
ABW,2024,9.9,Aruba
AFE,2015,13.9517082193813,Africa Eastern and Southern
AFE,2016,14.67293723183515,Africa Eastern and Southern
AFE,2017,14.85192642862235,Africa Eastern and Southern
AFE,2018,14.407926377407799,Africa Eastern and Southern
AFE,2019,14.3737739568912,Africa Eastern and Southern
AFE,2020,15.221085139854699,Africa Eastern and Southern
AFE,2021,15.253783389517249,Africa Eastern and Southern
AFE,2022,15.30181340590315,Africa Eastern and Southern
AFE,2023,15.78130012882245,Africa Eastern and Southern
AFE,2024,16.1592298096999,Africa Eastern and Southern
AFG,2015,0.4,Afghanistan
AFG,2016,0.1,Afghanistan
AFG,2017,0.1,Afghanistan
AFG,2018,0.1,Afghanistan
AFG,2019,0.1,Afghanistan
AFG,2020,3.6,Afghanistan
AFG,2021,3.6,Afghanistan
AFG,2022,3.6,Afghanistan
AFG,2023,3.6,Afghanistan
AFG,2024,3.6,Afghanistan
AFW,2015,13.3972038059424,Africa Western and Central
AFW,2016,13.6913963778162,Africa Western and Central
AFW,2017,14.0986376964811,Africa Western and Central
AFW,2018,14.104455189536,Africa Western and Central
AFW,2019,14.12403163854685,Africa Western and Central
AFW,2020,14.160267562083,Africa Western and Central
AFW,2021,14.2618334654848,Africa Western and Central
AFW,2022,14.264496743310051,Africa Western and Central
AFW,2023,14.264496743310051,Africa Western and Central
AFW,2024,14.06182638975965,Africa Western and Central
AGO,2015,6.0,Angola
AGO,2016,6.0,Angola
AGO,2017,6.0,Angola
AGO,2018,6.0,Angola
AGO,2019,6.0,Angola
AGO,2020,6.0,Angola
AGO,2021,6.0,Angola
AGO,2022,6.0,Angola
AGO,2023,9.2,Angola
AGO,2024,9.25,Angola
ALB,2015,2.4000000000000004,Albania
ALB,2016,15.149999999999999,Albania
ALB,2017,15.6,Albania
ALB,2018,15.6,Albania
ALB,2019,16.4,Albania
ALB,2020,16.4,Albania
ALB,2021,16.4,Albania
ALB,2022,16.4,Albania
ALB,2023,16.4,Albania
ALB,2024,20.8,Albania
AND,2015,21.1,Andorra
AND,2016,21.1,Andorra
AND,2017,26.7,Andorra
AND,2018,26.7,Andorra
AND,2019,26.7,Andorra
AND,2020,26.7,Andorra
AND,2021,26.9,Andorra
AND,2022,26.9,Andorra
AND,2023,26.9,Andorra
AND,2024,27.3,Andorra
ARB,2015,8.607786592957705,Arab World
ARB,2016,4.7543671266714345,Arab World
ARB,2017,4.86956345952066,Arab World
ARB,2018,4.8804456759808446,Arab World
ARB,2019,4.5584965868546945,Arab World
ARB,2020,3.344917643147375,Arab World
ARB,2021,3.3107316222635,Arab World
ARB,2022,3.31569466104177,Arab World
ARB,2023,4.794060588795521,Arab World
ARB,2024,5.874356143776265,Arab World
ARE,2015,17.25,United Arab Emirates
ARE,2016,11.149999999999999,United Arab Emirates
ARE,2017,14.45,United Arab Emirates
ARE,2018,16.5,United Arab Emirates
ARE,2019,16.5,United Arab Emirates
ARE,2020,17.65,United Arab Emirates
ARE,2021,17.65,United Arab Emirates
ARE,2022,17.65,United Arab Emirates
ARE,2023,17.65,United Arab Emirates
ARE,2024,17.65,United Arab Emirates
ARG,2015,8.05,Argentina
ARG,2016,8.2,Argentina
ARG,2017,8.2,Argentina
ARG,2018,7.85,Argentina
ARG,2019,8.95,Argentina
ARG,2020,8.95,Argentina
ARG,2021,8.95,Argentina
ARG,2022,9.149999999999999,Argentina
ARG,2023,9.149999999999999,Argentina
ARG,2024,9.25,Argentina
ARM,2015,23.1,Armenia
ARM,2016,23.1,Armenia
ARM,2017,23.1,Armenia
ARM,2018,23.1,Armenia
ARM,2019,24.3,Armenia
ARM,2020,24.3,Armenia
ARM,2021,24.3,Armenia
ARM,2022,24.7,Armenia
ARM,2023,24.7,Armenia
ARM,2024,38.9,Armenia
ASM,2015,6.35,American Samoa
ASM,2016,12.25,American Samoa
ASM,2017,12.25,American Samoa
ASM,2018,12.25,American Samoa
ASM,2019,12.25,American Samoa
ASM,2020,0.4,American Samoa
ASM,2021,12.25,American Samoa
ASM,2022,12.25,American Samoa
ASM,2023,12.7,American Samoa
ASM,2024,12.549999999999999,American Samoa
ATG,2015,9.75,Antigua and Barbuda
ATG,2016,9.8,Antigua and Barbuda
ATG,2017,9.450000000000001,Antigua and Barbuda
ATG,2018,9.450000000000001,Antigua and Barbuda
ATG,2019,9.450000000000001,Antigua and Barbuda
ATG,2020,10.7,Antigua and Barbuda
ATG,2021,10.149999999999999,Antigua and Barbuda
ATG,2022,10.149999999999999,Antigua and Barbuda
ATG,2023,10.149999999999999,Antigua and Barbuda
ATG,2024,8.65,Antigua and Barbuda
AUS,2015,21.7,Australia
AUS,2016,22.8,Australia
AUS,2017,24.5,Australia
AUS,2018,24.5,Australia
AUS,2019,24.65,Australia
AUS,2020,25.35,Australia
AUS,2021,26.25,Australia
AUS,2022,26.25,Australia
AUS,2023,26.25,Australia
AUS,2024,27.75,Australia
AUT,2015,28.4,Austria
AUT,2016,27.6,Austria
AUT,2017,28.4,Austria
AUT,2018,28.4,Austria
AUT,2019,28.4,Austria
AUT,2020,29.1,Austria
AUT,2021,29.3,Austria
AUT,2022,29.5,Austria
AUT,2023,29.5,Austria
AUT,2024,29.6,Austria
AZE,2015,7.85,Azerbaijan
AZE,2016,7.85,Azerbaijan
AZE,2017,7.85,Azerbaijan
AZE,2018,7.85,Azerbaijan
AZE,2019,7.85,Azerbaijan
AZE,2020,7.85,Azerbaijan
AZE,2021,7.85,Azerbaijan
AZE,2022,7.85,Azerbaijan
AZE,2023,7.85,Azerbaijan
AZE,2024,17.05,Azerbaijan
BDI,2015,7.0,Burundi
BDI,2016,7.6,Burundi
BDI,2017,7.6,Burundi
BDI,2018,7.6,Burundi
BDI,2019,7.6,Burundi
BDI,2020,7.6,Burundi
BDI,2021,7.6,Burundi
BDI,2022,7.6,Burundi
BDI,2023,7.6,Burundi
BDI,2024,7.6,Burundi
BEL,2015,23.5,Belgium
BEL,2016,23.950000000000003,Belgium
BEL,2017,24.0,Belgium
BEL,2018,23.950000000000003,Belgium
BEL,2019,25.5,Belgium
BEL,2020,16.5,Belgium
BEL,2021,16.65,Belgium
BEL,2022,16.7,Belgium
BEL,2023,16.7,Belgium
BEL,2024,17.4,Belgium
BEN,2015,25.9,Benin
BEN,2016,26.55,Benin
BEN,2017,26.55,Benin
BEN,2018,26.55,Benin
BEN,2019,26.55,Benin
BEN,2020,26.55,Benin
BEN,2021,26.55,Benin
BEN,2022,26.55,Benin
BEN,2023,26.55,Benin
BEN,2024,26.6,Benin
BFA,2015,15.8,Burkina Faso
BFA,2016,15.1,Burkina Faso
BFA,2017,14.9,Burkina Faso
BFA,2018,14.9,Burkina Faso
BFA,2019,14.9,Burkina Faso
BFA,2020,16.4,Burkina Faso
BFA,2021,16.4,Burkina Faso
BFA,2022,16.4,Burkina Faso
BFA,2023,16.4,Burkina Faso
BFA,2024,16.5,Burkina Faso
BGD,2015,4.75,Bangladesh
BGD,2016,4.75,Bangladesh
BGD,2017,4.75,Bangladesh
BGD,2018,4.75,Bangladesh
BGD,2019,4.75,Bangladesh
BGD,2020,4.75,Bangladesh
BGD,2021,4.75,Bangladesh
BGD,2022,4.75,Bangladesh
BGD,2023,5.25,Bangladesh
BGD,2024,4.9,Bangladesh
BGR,2015,36.7,Bulgaria
BGR,2016,31.5,Bulgaria
BGR,2017,31.5,Bulgaria
BGR,2018,31.5,Bulgaria
BGR,2019,36.7,Bulgaria
BGR,2020,37.05,Bulgaria
BGR,2021,37.05,Bulgaria
BGR,2022,37.05,Bulgaria
BGR,2023,37.05,Bulgaria
BGR,2024,39.95,Bulgaria
BHR,2015,4.1499999999999995,Bahrain
BHR,2016,4.1499999999999995,Bahrain
BHR,2017,4.1499999999999995,Bahrain
BHR,2018,4.1499999999999995,Bahrain
BHR,2019,4.1499999999999995,Bahrain
BHR,2020,4.1499999999999995,Bahrain
BHR,2021,4.1499999999999995,Bahrain
BHR,2022,16.75,Bahrain
BHR,2023,16.75,Bahrain
BHR,2024,16.15,Bahrain
BHS,2015,16.2,"Bahamas, The"
BHS,2016,16.2,"Bahamas, The"
BHS,2017,22.6,"Bahamas, The"
BHS,2018,22.6,"Bahamas, The"
BHS,2019,22.6,"Bahamas, The"
BHS,2020,22.6,"Bahamas, The"
BHS,2021,22.6,"Bahamas, The"
BHS,2022,22.6,"Bahamas, The"
BHS,2023,22.6,"Bahamas, The"
BHS,2024,21.450000000000003,"Bahamas, The"
BIH,2015,1.5,Bosnia and Herzegovina
BIH,2016,1.4,Bosnia and Herzegovina
BIH,2017,1.4,Bosnia and Herzegovina
BIH,2018,1.4,Bosnia and Herzegovina
BIH,2019,1.4,Bosnia and Herzegovina
BIH,2020,3.6,Bosnia and Herzegovina
BIH,2021,4.0,Bosnia and Herzegovina
BIH,2022,4.1,Bosnia and Herzegovina
BIH,2023,4.1,Bosnia and Herzegovina
BIH,2024,9.5,Bosnia and Herzegovina
BLR,2015,8.8,Belarus
BLR,2016,9.5,Belarus
BLR,2017,9.4,Belarus
BLR,2018,9.4,Belarus
BLR,2019,9.4,Belarus
BLR,2020,9.4,Belarus
BLR,2021,13.8,Belarus
BLR,2022,13.8,Belarus
BLR,2023,13.8,Belarus
BLR,2024,9.4,Belarus
BLZ,2015,29.0,Belize
BLZ,2016,29.150000000000002,Belize
BLZ,2017,29.150000000000002,Belize
BLZ,2018,29.150000000000002,Belize
BLZ,2019,29.150000000000002,Belize
BLZ,2020,29.3,Belize
BLZ,2021,29.3,Belize
BLZ,2022,29.3,Belize
BLZ,2023,29.3,Belize
BLZ,2024,32.05,Belize
BMU,2015,2.9,Bermuda
BMU,2016,2.9,Bermuda
BMU,2017,1.05,Bermuda
BMU,2018,1.05,Bermuda
BMU,2019,1.05,Bermuda
BMU,2020,1.05,Bermuda
BMU,2021,1.05,Bermuda
BMU,2022,1.05,Bermuda
BMU,2023,1.05,Bermuda
BMU,2024,1.15,Bermuda
BOL,2015,30.9,Bolivia
BOL,2016,30.9,Bolivia
BOL,2017,30.9,Bolivia
BOL,2018,30.9,Bolivia
BOL,2019,30.9,Bolivia
BOL,2020,30.9,Bolivia
BOL,2021,30.9,Bolivia
BOL,2022,30.9,Bolivia
BOL,2023,30.9,Bolivia
BOL,2024,30.9,Bolivia
BRA,2015,24.45,Brazil
BRA,2016,24.799999999999997,Brazil
BRA,2017,24.799999999999997,Brazil
BRA,2018,29.0,Brazil
BRA,2019,29.75,Brazil
BRA,2020,29.75,Brazil
BRA,2021,29.8,Brazil
BRA,2022,29.8,Brazil
BRA,2023,30.05,Brazil
BRA,2024,30.0,Brazil
BRB,2015,0.65,Barbados
BRB,2016,0.65,Barbados
BRB,2017,0.65,Barbados
BRB,2018,0.65,Barbados
BRB,2019,0.65,Barbados
BRB,2020,0.65,Barbados
BRB,2021,0.65,Barbados
BRB,2022,0.65,Barbados
BRB,2023,0.65,Barbados
BRB,2024,0.6000000000000001,Barbados
BRN,2015,27.95,Brunei Darussalam
BRN,2016,27.95,Brunei Darussalam
BRN,2017,27.95,Brunei Darussalam
BRN,2018,27.95,Brunei Darussalam
BRN,2019,27.95,Brunei Darussalam
BRN,2020,27.95,Brunei Darussalam
BRN,2021,27.95,Brunei Darussalam
BRN,2022,27.95,Brunei Darussalam
BRN,2023,27.95,Brunei Darussalam
BRN,2024,23.7,Brunei Darussalam
BTN,2015,48.0,Bhutan
BTN,2016,48.0,Bhutan
BTN,2017,48.0,Bhutan
BTN,2018,48.0,Bhutan
BTN,2019,48.0,Bhutan
BTN,2020,49.7,Bhutan
BTN,2021,49.7,Bhutan
BTN,2022,49.7,Bhutan
BTN,2023,49.7,Bhutan
BTN,2024,51.6,Bhutan
BWA,2015,29.1,Botswana
BWA,2016,29.1,Botswana
BWA,2017,29.1,Botswana
BWA,2018,29.1,Botswana
BWA,2019,29.1,Botswana
BWA,2020,29.1,Botswana
BWA,2021,29.1,Botswana
BWA,2022,29.1,Botswana
BWA,2023,29.1,Botswana
BWA,2024,29.1,Botswana
CAF,2015,18.1,Central African Republic
CAF,2016,18.1,Central African Republic
CAF,2017,18.1,Central African Republic
CAF,2018,18.1,Central African Republic
CAF,2019,18.1,Central African Republic
CAF,2020,18.1,Central African Republic
CAF,2021,18.1,Central African Republic
CAF,2022,18.1,Central African Republic
CAF,2023,18.1,Central African Republic
CAF,2024,14.8,Central African Republic
CAN,2015,7.75,Canada
CAN,2016,8.1,Canada
CAN,2017,8.1,Canada
CAN,2018,8.4,Canada
CAN,2019,9.55,Canada
CAN,2020,9.7,Canada
CAN,2021,11.350000000000001,Canada
CAN,2022,12.05,Canada
CAN,2023,12.15,Canada
CAN,2024,12.25,Canada
CEB,2015,26.794435682539252,Central Europe and the Baltics
CEB,2016,28.7255252278852,Central Europe and the Baltics
CEB,2017,28.96597257587645,Central Europe and the Baltics
CEB,2018,28.9804837051026,Central Europe and the Baltics
CEB,2019,29.5356333544043,Central Europe and the Baltics
CEB,2020,29.345960013739898,Central Europe and the Baltics
CEB,2021,29.35459452483025,Central Europe and the Baltics
CEB,2022,29.37288908967415,Central Europe and the Baltics
CEB,2023,29.37288908967415,Central Europe and the Baltics
CEB,2024,29.76513323376535,Central Europe and the Baltics
CHE,2015,9.7,Switzerland
CHE,2016,9.7,Switzerland
CHE,2017,9.7,Switzerland
CHE,2018,9.7,Switzerland
CHE,2019,10.0,Switzerland
CHE,2020,12.0,Switzerland
CHE,2021,12.1,Switzerland
CHE,2022,12.1,Switzerland
CHE,2023,12.1,Switzerland
CHE,2024,12.5,Switzerland
CHL,2015,12.55,Chile
CHL,2016,16.0,Chile
CHL,2017,16.15,Chile
CHL,2018,22.75,Chile
CHL,2019,29.0,Chile
CHL,2020,29.349999999999998,Chile
CHL,2021,29.349999999999998,Chile
CHL,2022,29.45,Chile
CHL,2023,29.45,Chile
CHL,2024,29.75,Chile
CHN,2015,16.5,China
CHN,2016,16.5,China
CHN,2017,16.55,China
CHN,2018,15.149999999999999,China
CHN,2019,15.149999999999999,China
CHN,2020,15.149999999999999,China
CHN,2021,15.149999999999999,China
CHN,2022,15.149999999999999,China
CHN,2023,15.149999999999999,China
CHN,2024,15.149999999999999,China
CIV,2015,18.9,Cote d'Ivoire
CIV,2016,18.9,Cote d'Ivoire
CIV,2017,18.9,Cote d'Ivoire
CIV,2018,18.9,Cote d'Ivoire
CIV,2019,18.95,Cote d'Ivoire
CIV,2020,18.95,Cote d'Ivoire
CIV,2021,18.95,Cote d'Ivoire
CIV,2022,18.95,Cote d'Ivoire
CIV,2023,18.95,Cote d'Ivoire
CIV,2024,18.85,Cote d'Ivoire
CMR,2015,10.75,Cameroon
CMR,2016,10.5,Cameroon
CMR,2017,10.5,Cameroon
CMR,2018,10.5,Cameroon
CMR,2019,10.9,Cameroon
CMR,2020,10.9,Cameroon
CMR,2021,11.0,Cameroon
CMR,2022,11.0,Cameroon
CMR,2023,11.0,Cameroon
CMR,2024,11.0,Cameroon
COD,2015,12.649999999999999,"Congo, Dem. Rep."
COD,2016,12.649999999999999,"Congo, Dem. Rep."
COD,2017,13.75,"Congo, Dem. Rep."
COD,2018,13.8,"Congo, Dem. Rep."
COD,2019,13.8,"Congo, Dem. Rep."
COD,2020,13.8,"Congo, Dem. Rep."
COD,2021,13.8,"Congo, Dem. Rep."
COD,2022,13.850000000000001,"Congo, Dem. Rep."
COD,2023,13.850000000000001,"Congo, Dem. Rep."
COD,2024,14.9,"Congo, Dem. Rep."
COG,2015,35.35,"Congo, Rep."
COG,2016,38.650000000000006,"Congo, Rep."
COG,2017,38.650000000000006,"Congo, Rep."
COG,2018,38.75,"Congo, Rep."
COG,2019,38.75,"Congo, Rep."
COG,2020,35.05,"Congo, Rep."
COG,2021,35.05,"Congo, Rep."
COG,2022,35.05,"Congo, Rep."
COG,2023,35.05,"Congo, Rep."
COG,2024,35.05,"Congo, Rep."
COL,2015,11.600000000000001,Colombia
COL,2016,11.8,Colombia
COL,2017,13.45,Colombia
COL,2018,15.25,Colombia
COL,2019,15.25,Colombia
COL,2020,16.95,Colombia
COL,2021,16.95,Colombia
COL,2022,16.549999999999997,Colombia
COL,2023,16.549999999999997,Colombia
COL,2024,21.7,Colombia
COM,2015,5.1499999999999995,Comoros
COM,2016,5.1499999999999995,Comoros
COM,2017,5.1499999999999995,Comoros
COM,2018,5.1499999999999995,Comoros
COM,2019,5.1499999999999995,Comoros
COM,2020,17.25,Comoros
COM,2021,17.25,Comoros
COM,2022,17.25,Comoros
COM,2023,17.25,Comoros
COM,2024,17.200000000000003,Comoros
CPV,2015,1.3,Cabo Verde
CPV,2016,1.3,Cabo Verde
CPV,2017,1.45,Cabo Verde
CPV,2018,1.45,Cabo Verde
CPV,2019,1.45,Cabo Verde
CPV,2020,1.45,Cabo Verde
CPV,2021,1.45,Cabo Verde
CPV,2022,1.45,Cabo Verde
CPV,2023,1.45,Cabo Verde
CPV,2024,8.9,Cabo Verde
CRI,2015,15.3,Costa Rica
CRI,2016,15.3,Costa Rica
CRI,2017,15.3,Costa Rica
CRI,2018,15.3,Costa Rica
CRI,2019,16.5,Costa Rica
CRI,2020,16.599999999999998,Costa Rica
CRI,2021,16.599999999999998,Costa Rica
CRI,2022,27.700000000000003,Costa Rica
CRI,2023,27.700000000000003,Costa Rica
CRI,2024,27.35,Costa Rica
CSS,2015,8.532709167275975,Caribbean small states
CSS,2016,8.54374741160442,Caribbean small states
CSS,2017,9.897524995673436,Caribbean small states
CSS,2018,9.897756717383135,Caribbean small states
CSS,2019,9.853753636604464,Caribbean small states
CSS,2020,9.86066451613206,Caribbean small states
CSS,2021,9.86004338286406,Caribbean small states
CSS,2022,9.86004338286406,Caribbean small states
CSS,2023,9.86004338286406,Caribbean small states
CSS,2024,9.903320985535865,Caribbean small states
CUB,2015,8.65,Cuba
CUB,2016,11.9,Cuba
CUB,2017,11.9,Cuba
CUB,2018,11.9,Cuba
CUB,2019,11.45,Cuba
CUB,2020,11.45,Cuba
CUB,2021,11.45,Cuba
CUB,2022,11.45,Cuba
CUB,2023,11.45,Cuba
CUB,2024,11.25,Cuba
CUW,2015,7.9,Curacao
CUW,2016,7.9,Curacao
CUW,2017,7.9,Curacao
CUW,2018,8.0,Curacao
CUW,2019,8.0,Curacao
CUW,2020,8.0,Curacao
CUW,2021,8.0,Curacao
CUW,2022,8.0,Curacao
CUW,2023,8.0,Curacao
CUW,2024,8.5,Curacao
CYM,2015,4.3999999999999995,Cayman Islands
CYM,2016,5.45,Cayman Islands
CYM,2017,5.45,Cayman Islands
CYM,2018,5.45,Cayman Islands
CYM,2019,5.45,Cayman Islands
CYM,2020,5.45,Cayman Islands
CYM,2021,5.45,Cayman Islands
CYM,2022,5.45,Cayman Islands
CYM,2023,5.45,Cayman Islands
CYM,2024,4.45,Cayman Islands
CYP,2015,10.049999999999999,Cyprus
CYP,2016,10.2,Cyprus
CYP,2017,10.2,Cyprus
CYP,2018,20.349999999999998,Cyprus
CYP,2019,20.95,Cyprus
CYP,2020,24.9,Cyprus
CYP,2021,24.950000000000003,Cyprus
CYP,2022,24.950000000000003,Cyprus
CYP,2023,24.950000000000003,Cyprus
CYP,2024,24.85,Cyprus
CZE,2015,21.7,Czechia
CZE,2016,22.1,Czechia
CZE,2017,22.2,Czechia
CZE,2018,22.2,Czechia
CZE,2019,22.2,Czechia
CZE,2020,22.2,Czechia
CZE,2021,22.2,Czechia
CZE,2022,22.2,Czechia
CZE,2023,22.2,Czechia
CZE,2024,21.9,Czechia
DEU,2015,37.95,Germany
DEU,2016,38.3,Germany
DEU,2017,38.3,Germany
DEU,2018,38.3,Germany
DEU,2019,37.95,Germany
DEU,2020,38.3,Germany
DEU,2021,38.0,Germany
DEU,2022,38.150000000000006,Germany
DEU,2023,38.150000000000006,Germany
DEU,2024,39.7,Germany
DJI,2015,1.4,Djibouti
DJI,2016,1.4,Djibouti
DJI,2017,1.4500000000000002,Djibouti
DJI,2018,1.4,Djibouti
DJI,2019,1.4,Djibouti
DJI,2020,1.4,Djibouti
DJI,2021,1.4,Djibouti
DJI,2022,1.4,Djibouti
DJI,2023,1.4,Djibouti
DJI,2024,1.4,Djibouti
DMA,2015,11.3,Dominica
DMA,2016,11.35,Dominica
DMA,2017,11.35,Dominica
DMA,2018,11.35,Dominica
DMA,2019,11.3,Dominica
DMA,2020,11.3,Dominica
DMA,2021,11.3,Dominica
DMA,2022,11.3,Dominica
DMA,2023,11.3,Dominica
DMA,2024,11.0,Dominica
DNK,2015,23.05,Denmark
DNK,2016,18.0,Denmark
DNK,2017,23.4,Denmark
DNK,2018,18.0,Denmark
DNK,2019,17.45,Denmark
DNK,2020,17.45,Denmark
DNK,2021,17.45,Denmark
DNK,2022,17.45,Denmark
DNK,2023,17.45,Denmark
DNK,2024,16.75,Denmark
DOM,2015,17.1,Dominican Republic
DOM,2016,17.1,Dominican Republic
DOM,2017,17.1,Dominican Republic
DOM,2018,22.7,Dominican Republic
DOM,2019,22.7,Dominican Republic
DOM,2020,22.7,Dominican Republic
DOM,2021,22.7,Dominican Republic
DOM,2022,22.549999999999997,Dominican Republic
DOM,2023,22.549999999999997,Dominican Republic
DOM,2024,20.75,Dominican Republic
DZA,2015,7.3,Algeria
DZA,2016,7.3,Algeria
DZA,2017,7.3,Algeria
DZA,2018,7.3,Algeria
DZA,2019,7.3,Algeria
DZA,2020,4.5,Algeria
DZA,2021,4.5,Algeria
DZA,2022,4.5,Algeria
DZA,2023,4.5,Algeria
DZA,2024,4.550000000000001,Algeria
EAP,2015,11.44151419033061,East Asia & Pacific (excluding high income)
EAP,2016,11.446301372573075,East Asia & Pacific (excluding high income)
EAP,2017,11.47952195144107,East Asia & Pacific (excluding high income)
EAP,2018,10.91323522639386,East Asia & Pacific (excluding high income)
EAP,2019,10.900404509201465,East Asia & Pacific (excluding high income)
EAP,2020,11.10398072592233,East Asia & Pacific (excluding high income)
EAP,2021,11.135484319946624,East Asia & Pacific (excluding high income)
EAP,2022,11.137580702242346,East Asia & Pacific (excluding high income)
EAP,2023,11.14151344297863,East Asia & Pacific (excluding high income)
EAP,2024,11.11688301783649,East Asia & Pacific (excluding high income)
EAR,2015,11.658945132779586,Early-demographic dividend
EAR,2016,10.85576615600581,Early-demographic dividend
EAR,2017,10.933115157168519,Early-demographic dividend
EAR,2018,10.788555905991855,Early-demographic dividend
EAR,2019,10.889455339729373,Early-demographic dividend
EAR,2020,10.87496059852474,Early-demographic dividend
EAR,2021,11.19669917431153,Early-demographic dividend
EAR,2022,11.329411086714856,Early-demographic dividend
EAR,2023,11.892511984791266,Early-demographic dividend
EAR,2024,12.2368082701922,Early-demographic dividend
EAS,2015,14.7627882856564,East Asia & Pacific
EAS,2016,15.77191078819365,East Asia & Pacific
EAS,2017,16.262056881227,East Asia & Pacific
EAS,2018,15.911678846054201,East Asia & Pacific
EAS,2019,16.02288506079405,East Asia & Pacific
EAS,2020,16.317831691128703,East Asia & Pacific
EAS,2021,16.67394857577225,East Asia & Pacific
EAS,2022,16.6751499732208,East Asia & Pacific
EAS,2023,16.67291663186255,East Asia & Pacific
EAS,2024,17.07013335594685,East Asia & Pacific
ECA,2015,3.8899568747099798,Europe & Central Asia (excluding high income)
ECA,2016,3.9843793081214747,Europe & Central Asia (excluding high income)
ECA,2017,3.98869102189785,Europe & Central Asia (excluding high income)
ECA,2018,3.98869102189785,Europe & Central Asia (excluding high income)
ECA,2019,4.036524042029924,Europe & Central Asia (excluding high income)
ECA,2020,7.57369087241728,Europe & Central Asia (excluding high income)
ECA,2021,9.519221246925945,Europe & Central Asia (excluding high income)
ECA,2022,9.56046170683248,Europe & Central Asia (excluding high income)
ECA,2023,9.82348625519036,Europe & Central Asia (excluding high income)
ECA,2024,10.90306789803855,Europe & Central Asia (excluding high income)
ECS,2015,11.56902364517871,Europe & Central Asia
ECS,2016,11.8061538569689,Europe & Central Asia
ECS,2017,12.0545850115862,Europe & Central Asia
ECS,2018,12.12338650050205,Europe & Central Asia
ECS,2019,12.203426549628901,Europe & Central Asia
ECS,2020,13.71663796179945,Europe & Central Asia
ECS,2021,14.26704697739735,Europe & Central Asia
ECS,2022,14.2758301275077,Europe & Central Asia
ECS,2023,14.09915117977385,Europe & Central Asia
ECS,2024,14.407397007103999,Europe & Central Asia
ECU,2015,17.2,Ecuador
ECU,2016,17.2,Ecuador
ECU,2017,17.2,Ecuador
ECU,2018,18.35,Ecuador
ECU,2019,18.35,Ecuador
ECU,2020,18.75,Ecuador
ECU,2021,19.25,Ecuador
ECU,2022,21.7,Ecuador
ECU,2023,21.75,Ecuador
ECU,2024,21.85,Ecuador
EGY,2015,12.35,"Egypt, Arab Rep."
EGY,2016,12.35,"Egypt, Arab Rep."
EGY,2017,12.3,"Egypt, Arab Rep."
EGY,2018,12.35,"Egypt, Arab Rep."
EGY,2019,12.35,"Egypt, Arab Rep."
EGY,2020,12.35,"Egypt, Arab Rep."
EGY,2021,12.35,"Egypt, Arab Rep."
EGY,2022,12.35,"Egypt, Arab Rep."
EGY,2023,12.35,"Egypt, Arab Rep."
EGY,2024,12.35,"Egypt, Arab Rep."
EMU,2015,19.975559104795,Euro area
EMU,2016,20.59278838496725,Euro area
EMU,2017,21.603524189707002,Euro area
EMU,2018,22.11083648530655,Euro area
EMU,2019,22.49864017547895,Euro area
EMU,2020,22.69776741896785,Euro area
EMU,2021,22.787894836402998,Euro area
EMU,2022,22.882241626132853,Euro area
EMU,2023,22.882241626132853,Euro area
EMU,2024,23.126308968518998,Euro area
ERI,2015,3.95,Eritrea
ERI,2016,3.95,Eritrea
ERI,2017,3.95,Eritrea
ERI,2018,3.95,Eritrea
ERI,2019,3.95,Eritrea
ERI,2020,3.95,Eritrea
ERI,2021,0.0,Eritrea
ERI,2022,0.0,Eritrea
ERI,2023,0.0,Eritrea
ERI,2024,0.0,Eritrea
ESP,2015,21.05,Spain
ESP,2016,21.5,Spain
ESP,2017,21.45,Spain
ESP,2018,21.55,Spain
ESP,2019,23.0,Spain
ESP,2020,23.0,Spain
ESP,2021,23.0,Spain
ESP,2022,23.0,Spain
ESP,2023,23.0,Spain
ESP,2024,23.0,Spain
EST,2015,19.75,Estonia
EST,2016,19.85,Estonia
EST,2017,19.85,Estonia
EST,2018,19.85,Estonia
EST,2019,20.15,Estonia
EST,2020,20.65,Estonia
EST,2021,20.75,Estonia
EST,2022,20.799999999999997,Estonia
EST,2023,20.799999999999997,Estonia
EST,2024,21.4,Estonia
ETH,2015,18.5,Ethiopia
ETH,2016,18.5,Ethiopia
ETH,2017,18.5,Ethiopia
ETH,2018,17.6,Ethiopia
ETH,2019,17.6,Ethiopia
ETH,2020,16.1,Ethiopia
ETH,2021,17.0,Ethiopia
ETH,2022,17.0,Ethiopia
ETH,2023,17.0,Ethiopia
ETH,2024,17.0,Ethiopia
EUU,2015,20.23788591879875,European Union
EUU,2016,21.05766039242635,European Union
EUU,2017,22.07579292546605,European Union
EUU,2018,22.424366315212,European Union
EUU,2019,22.81088533181315,European Union
EUU,2020,22.97645309290905,European Union
EUU,2021,23.0459296348319,European Union
EUU,2022,23.189279919034448,European Union
EUU,2023,23.189279919034448,European Union
EUU,2024,23.4339289696918,European Union
FCS,2015,10.471988959014725,Fragile and conflict affected situations
FCS,2016,10.714738218459475,Fragile and conflict affected situations
FCS,2017,10.817595143482805,Fragile and conflict affected situations
FCS,2018,10.773678498466555,Fragile and conflict affected situations
FCS,2019,10.41921561584501,Fragile and conflict affected situations
FCS,2020,10.796401573749245,Fragile and conflict affected situations
FCS,2021,11.0209965728334,Fragile and conflict affected situations
FCS,2022,11.030063224223124,Fragile and conflict affected situations
FCS,2023,11.046674247465834,Fragile and conflict affected situations
FCS,2024,11.177181368435216,Fragile and conflict affected situations
FIN,2015,14.6,Finland
FIN,2016,14.65,Finland
FIN,2017,14.55,Finland
FIN,2018,14.6,Finland
FIN,2019,13.2,Finland
FIN,2020,13.15,Finland
FIN,2021,13.2,Finland
FIN,2022,13.25,Finland
FIN,2023,13.25,Finland
FIN,2024,13.45,Finland
FJI,2015,3.2,Fiji
FJI,2016,3.2,Fiji
FJI,2017,3.2,Fiji
FJI,2018,3.2,Fiji
FJI,2019,3.2,Fiji
FJI,2020,3.2,Fiji
FJI,2021,3.2,Fiji
FJI,2022,3.2,Fiji
FJI,2023,3.2,Fiji
FJI,2024,2.45,Fiji
FRA,2015,24.4,France
FRA,2016,25.85,France
FRA,2017,26.9,France
FRA,2018,29.5,France
FRA,2019,30.65,France
FRA,2020,31.75,France
FRA,2021,32.2,France
FRA,2022,32.5,France
FRA,2023,32.5,France
FRA,2024,32.7,France
FRO,2015,1.15,Faroe Islands
FRO,2016,1.15,Faroe Islands
FRO,2017,1.15,Faroe Islands
FRO,2018,1.15,Faroe Islands
FRO,2019,1.15,Faroe Islands
FRO,2020,1.15,Faroe Islands
FRO,2021,1.15,Faroe Islands
FRO,2022,1.15,Faroe Islands
FRO,2023,1.15,Faroe Islands
FRO,2024,1.2,Faroe Islands
FSM,2015,2.1,"Micronesia, Fed. Sts."
FSM,2016,0.0,"Micronesia, Fed. Sts."
FSM,2017,0.0,"Micronesia, Fed. Sts."
FSM,2018,0.0,"Micronesia, Fed. Sts."
FSM,2019,0.0,"Micronesia, Fed. Sts."
FSM,2020,0.0,"Micronesia, Fed. Sts."
FSM,2021,0.0,"Micronesia, Fed. Sts."
FSM,2022,0.0,"Micronesia, Fed. Sts."
FSM,2023,0.0,"Micronesia, Fed. Sts."
FSM,2024,0.0,"Micronesia, Fed. Sts."
GAB,2015,16.1,Gabon
GAB,2016,16.1,Gabon
GAB,2017,23.75,Gabon
GAB,2018,23.75,Gabon
GAB,2019,23.75,Gabon
GAB,2020,23.75,Gabon
GAB,2021,23.75,Gabon
GAB,2022,23.75,Gabon
GAB,2023,23.75,Gabon
GAB,2024,23.6,Gabon
GBR,2015,22.65,United Kingdom
GBR,2016,25.75,United Kingdom
GBR,2017,28.799999999999997,United Kingdom
GBR,2018,28.75,United Kingdom
GBR,2019,28.85,United Kingdom
GBR,2020,34.5,United Kingdom
GBR,2021,33.85,United Kingdom
GBR,2022,33.85,United Kingdom
GBR,2023,33.85,United Kingdom
GBR,2024,35.25,United Kingdom
GEO,2015,7.3500000000000005,Georgia
GEO,2016,7.3500000000000005,Georgia
GEO,2017,7.3500000000000005,Georgia
GEO,2018,7.3500000000000005,Georgia
GEO,2019,8.25,Georgia
GEO,2020,8.25,Georgia
GEO,2021,8.25,Georgia
GEO,2022,9.8,Georgia
GEO,2023,9.8,Georgia
GEO,2024,20.1,Georgia
GHA,2015,11.45,Ghana
GHA,2016,11.45,Ghana
GHA,2017,11.45,Ghana
GHA,2018,11.4,Ghana
GHA,2019,11.4,Ghana
GHA,2020,11.25,Ghana
GHA,2021,11.25,Ghana
GHA,2022,11.25,Ghana
GHA,2023,11.25,Ghana
GHA,2024,11.25,Ghana
GIB,2015,22.799999999999997,Gibraltar
GIB,2016,22.799999999999997,Gibraltar
GIB,2017,22.799999999999997,Gibraltar
GIB,2018,22.799999999999997,Gibraltar
GIB,2019,22.799999999999997,Gibraltar
GIB,2020,2.4,Gibraltar
GIB,2021,2.4,Gibraltar
GIB,2022,0.0,Gibraltar
GIB,2023,0.0,Gibraltar
GIB,2024,13.45,Gibraltar
GIN,2015,26.049999999999997,Guinea
GIN,2016,26.049999999999997,Guinea
GIN,2017,30.200000000000003,Guinea
GIN,2018,30.200000000000003,Guinea
GIN,2019,30.200000000000003,Guinea
GIN,2020,30.349999999999998,Guinea
GIN,2021,31.85,Guinea
GIN,2022,31.85,Guinea
GIN,2023,31.85,Guinea
GIN,2024,31.9,Guinea
GMB,2015,2.75,"Gambia, The"
GMB,2016,2.75,"Gambia, The"
GMB,2017,2.75,"Gambia, The"
GMB,2018,2.75,"Gambia, The"
GMB,2019,2.75,"Gambia, The"
GMB,2020,5.3,"Gambia, The"
GMB,2021,5.3,"Gambia, The"
GMB,2022,5.3,"Gambia, The"
GMB,2023,5.3,"Gambia, The"
GMB,2024,5.25,"Gambia, The"
GNB,2015,13.85,Guinea-Bissau
GNB,2016,14.149999999999999,Guinea-Bissau
GNB,2017,14.149999999999999,Guinea-Bissau
GNB,2018,14.149999999999999,Guinea-Bissau
GNB,2019,14.149999999999999,Guinea-Bissau
GNB,2020,19.75,Guinea-Bissau
GNB,2021,19.75,Guinea-Bissau
GNB,2022,20.25,Guinea-Bissau
GNB,2023,20.25,Guinea-Bissau
GNB,2024,19.7,Guinea-Bissau
GNQ,2015,12.700000000000001,Equatorial Guinea
GNQ,2016,10.55,Equatorial Guinea
GNQ,2017,10.55,Equatorial Guinea
GNQ,2018,10.55,Equatorial Guinea
GNQ,2019,10.55,Equatorial Guinea
GNQ,2020,10.55,Equatorial Guinea
GNQ,2021,10.55,Equatorial Guinea
GNQ,2022,10.55,Equatorial Guinea
GNQ,2023,10.55,Equatorial Guinea
GNQ,2024,10.4,Equatorial Guinea
GRC,2015,21.8,Greece
GRC,2016,21.8,Greece
GRC,2017,21.8,Greece
GRC,2018,23.1,Greece
GRC,2019,23.1,Greece
GRC,2020,23.1,Greece
GRC,2021,23.1,Greece
GRC,2022,23.1,Greece
GRC,2023,23.1,Greece
GRC,2024,23.1,Greece
GRD,2015,4.75,Grenada
GRD,2016,4.75,Grenada
GRD,2017,4.75,Grenada
GRD,2018,5.0,Grenada
GRD,2019,5.0,Grenada
GRD,2020,4.85,Grenada
GRD,2021,4.85,Grenada
GRD,2022,4.85,Grenada
GRD,2023,4.85,Grenada
GRD,2024,4.5,Grenada
GRL,2015,31.8,Greenland
GRL,2016,31.9,Greenland
GRL,2017,31.8,Greenland
GRL,2018,31.8,Greenland
GRL,2019,31.75,Greenland
GRL,2020,31.75,Greenland
GRL,2021,32.1,Greenland
GRL,2022,31.75,Greenland
GRL,2023,31.75,Greenland
GRL,2024,32.25,Greenland
GTM,2015,23.7,Guatemala
GTM,2016,23.7,Guatemala
GTM,2017,23.7,Guatemala
GTM,2018,15.05,Guatemala
GTM,2019,15.05,Guatemala
GTM,2020,15.100000000000001,Guatemala
GTM,2021,15.100000000000001,Guatemala
GTM,2022,15.100000000000001,Guatemala
GTM,2023,15.100000000000001,Guatemala
GTM,2024,15.15,Guatemala
GUM,2015,11.0,Guam
GUM,2016,11.3,Guam
GUM,2017,11.3,Guam
GUM,2018,11.3,Guam
GUM,2019,11.3,Guam
GUM,2020,1.35,Guam
GUM,2021,2.25,Guam
GUM,2022,2.25,Guam
GUM,2023,2.25,Guam
GUM,2024,2.1,Guam
GUY,2015,7.0,Guyana
GUY,2016,7.0,Guyana
GUY,2017,7.0,Guyana
GUY,2018,7.0,Guyana
GUY,2019,6.85,Guyana
GUY,2020,6.85,Guyana
GUY,2021,6.85,Guyana
GUY,2022,6.85,Guyana
GUY,2023,6.85,Guyana
GUY,2024,6.75,Guyana
HIC,2015,14.5109754872561,High income
HIC,2016,15.0961168143758,High income
HIC,2017,15.534836463580898,High income
HIC,2018,15.7792109347821,High income
HIC,2019,16.3603898525842,High income
HIC,2020,16.718256619299,High income
HIC,2021,16.81672617401675,High income
HIC,2022,16.9922585584359,High income
HIC,2023,17.169872433526002,High income
HIC,2024,17.636171047103048,High income
HKG,2015,41.9,"Hong Kong SAR, China"
HKG,2016,41.9,"Hong Kong SAR, China"
HKG,2017,41.9,"Hong Kong SAR, China"
HKG,2018,41.9,"Hong Kong SAR, China"
HKG,2019,41.9,"Hong Kong SAR, China"
HKG,2020,41.9,"Hong Kong SAR, China"
HKG,2021,41.9,"Hong Kong SAR, China"
HKG,2022,41.9,"Hong Kong SAR, China"
HKG,2023,41.9,"Hong Kong SAR, China"
HKG,2024,42.0,"Hong Kong SAR, China"
HND,2015,20.1,Honduras
HND,2016,20.4,Honduras
HND,2017,20.4,Honduras
HND,2018,17.4,Honduras
HND,2019,17.4,Honduras
HND,2020,17.25,Honduras
HND,2021,17.25,Honduras
HND,2022,17.25,Honduras
HND,2023,17.25,Honduras
HND,2024,17.299999999999997,Honduras
HPC,2015,14.385903024396551,Heavily indebted poor countries (HIPC)
HPC,2016,14.9475870212956,Heavily indebted poor countries (HIPC)
HPC,2017,15.159545335041098,Heavily indebted poor countries (HIPC)
HPC,2018,15.12470808079005,Heavily indebted poor countries (HIPC)
HPC,2019,14.603357659754998,Heavily indebted poor countries (HIPC)
HPC,2020,14.89758151978365,Heavily indebted poor countries (HIPC)
HPC,2021,14.9663983751411,Heavily indebted poor countries (HIPC)
HPC,2022,14.98313409055225,Heavily indebted poor countries (HIPC)
HPC,2023,15.04758235234735,Heavily indebted poor countries (HIPC)
HPC,2024,15.214428302064551,Heavily indebted poor countries (HIPC)
HRV,2015,30.85,Croatia
HRV,2016,30.85,Croatia
HRV,2017,30.95,Croatia
HRV,2018,30.95,Croatia
HRV,2019,30.95,Croatia
HRV,2020,31.15,Croatia
HRV,2021,31.15,Croatia
HRV,2022,31.2,Croatia
HRV,2023,31.2,Croatia
HRV,2024,31.25,Croatia
HTI,2015,0.15,Haiti
HTI,2016,0.15,Haiti
HTI,2017,1.0999999999999999,Haiti
HTI,2018,1.15,Haiti
HTI,2019,4.8,Haiti
HTI,2020,4.8,Haiti
HTI,2021,5.699999999999999,Haiti
HTI,2022,5.699999999999999,Haiti
HTI,2023,5.699999999999999,Haiti
HTI,2024,5.8,Haiti
HUN,2015,22.6,Hungary
HUN,2016,22.6,Hungary
HUN,2017,22.6,Hungary
HUN,2018,22.6,Hungary
HUN,2019,22.6,Hungary
HUN,2020,22.6,Hungary
HUN,2021,22.6,Hungary
HUN,2022,22.6,Hungary
HUN,2023,22.6,Hungary
HUN,2024,22.6,Hungary
IBD,2015,12.375621701215401,IBRD only
IBD,2016,13.0203945912575,IBRD only
IBD,2017,13.09499589581165,IBRD only
IBD,2018,13.60606503993055,IBRD only
IBD,2019,14.11238545882585,IBRD only
IBD,2020,14.6844038951257,IBRD only
IBD,2021,14.8978974267348,IBRD only
IBD,2022,15.035828840107,IBRD only
IBD,2023,15.12454448266895,IBRD only
IBD,2024,15.32015439624035,IBRD only
IBT,2015,11.991361017007955,IDA & IBRD total
IBT,2016,12.544517493678999,IDA & IBRD total
IBT,2017,12.63393135461935,IDA & IBRD total
IBT,2018,12.98095202659955,IDA & IBRD total
IBT,2019,13.25978526876835,IDA & IBRD total
IBT,2020,13.75601236296,IDA & IBRD total
IBT,2021,13.923094250108651,IDA & IBRD total
IBT,2022,14.02213771431815,IDA & IBRD total
IBT,2023,14.120793897297201,IDA & IBRD total
IBT,2024,14.347773478029751,IDA & IBRD total
IDA,2015,11.043588074339894,IDA total
IDA,2016,11.411396540231515,IDA total
IDA,2017,11.54555886124919,IDA total
IDA,2018,11.517509462507714,IDA total
IDA,2019,11.29122091383174,IDA total
IDA,2020,11.605025783254895,IDA total
IDA,2021,11.64857785544175,IDA total
IDA,2022,11.658021557459069,IDA total
IDA,2023,11.783695077458395,IDA total
IDA,2024,12.098026883380026,IDA total
IDB,2015,10.752744715999334,IDA blend
IDB,2016,10.969578466470335,IDA blend
IDB,2017,10.969703574307584,IDA blend
IDB,2018,10.975253981317325,IDA blend
IDB,2019,11.039014135166589,IDA blend
IDB,2020,11.001421367233505,IDA blend
IDB,2021,11.00843686380969,IDA blend
IDB,2022,10.990006338619875,IDA blend
IDB,2023,11.30045487161555,IDA blend
IDB,2024,12.30036360755459,IDA blend
IDN,2015,8.5,Indonesia
IDN,2016,8.5,Indonesia
IDN,2017,8.5,Indonesia
IDN,2018,8.75,Indonesia
IDN,2019,8.75,Indonesia
IDN,2020,8.75,Indonesia
IDN,2021,8.75,Indonesia
IDN,2022,8.75,Indonesia
IDN,2023,8.75,Indonesia
IDN,2024,8.6,Indonesia
IDX,2015,11.125461249904241,IDA only
IDX,2016,11.531873394512616,IDA only
IDX,2017,11.700291966007054,IDA only
IDX,2018,11.663816126599091,IDA only
IDX,2019,11.360480269888257,IDA only
IDX,2020,11.76091778911792,IDA only
IDX,2021,11.813507084935685,IDA only
IDX,2022,11.829822532092386,IDA only
IDX,2023,11.910060867570975,IDA only
IDX,2024,12.055531415757024,IDA only
IMN,2015,0.3,Isle of Man
IMN,2016,3.7,Isle of Man
IMN,2017,3.7,Isle of Man
IMN,2018,5.5,Isle of Man
IMN,2019,5.5,Isle of Man
IMN,2020,5.5,Isle of Man
IMN,2021,5.5,Isle of Man
IMN,2022,5.5,Isle of Man
IMN,2023,5.8,Isle of Man
IMN,2024,4.6,Isle of Man
IND,2015,4.75,India
IND,2016,4.75,India
IND,2017,4.75,India
IND,2018,4.75,India
IND,2019,4.75,India
IND,2020,4.75,India
IND,2021,5.95,India
IND,2022,5.95,India
IND,2023,5.95,India
IND,2024,6.1,India
IRL,2015,9.2,Ireland
IRL,2016,9.2,Ireland
IRL,2017,9.2,Ireland
IRL,2018,9.2,Ireland
IRL,2019,9.2,Ireland
IRL,2020,9.2,Ireland
IRL,2021,9.2,Ireland
IRL,2022,9.2,Ireland
IRL,2023,9.2,Ireland
IRL,2024,9.25,Ireland
IRN,2015,6.85,"Iran, Islamic Rep."
IRN,2016,8.15,"Iran, Islamic Rep."
IRN,2017,8.15,"Iran, Islamic Rep."
IRN,2018,8.15,"Iran, Islamic Rep."
IRN,2019,8.15,"Iran, Islamic Rep."
IRN,2020,8.15,"Iran, Islamic Rep."
IRN,2021,8.15,"Iran, Islamic Rep."
IRN,2022,8.15,"Iran, Islamic Rep."
IRN,2023,8.15,"Iran, Islamic Rep."
IRN,2024,8.15,"Iran, Islamic Rep."
IRQ,2015,0.9,Iraq
IRQ,2016,1.5,Iraq
IRQ,2017,1.5,Iraq
IRQ,2018,1.5,Iraq
IRQ,2019,1.5,Iraq
IRQ,2020,1.5,Iraq
IRQ,2021,1.5,Iraq
IRQ,2022,1.5,Iraq
IRQ,2023,1.5,Iraq
IRQ,2024,1.5,Iraq
ISL,2015,9.5,Iceland
ISL,2016,9.899999999999999,Iceland
ISL,2017,10.35,Iceland
ISL,2018,10.35,Iceland
ISL,2019,11.1,Iceland
ISL,2020,11.35,Iceland
ISL,2021,11.55,Iceland
ISL,2022,11.85,Iceland
ISL,2023,11.85,Iceland
ISL,2024,11.899999999999999,Iceland
ISR,2015,14.25,Israel
ISR,2016,14.25,Israel
ISR,2017,14.25,Israel
ISR,2018,14.25,Israel
ISR,2019,17.5,Israel
ISR,2020,17.5,Israel
ISR,2021,17.5,Israel
ISR,2022,17.5,Israel
ISR,2023,17.5,Israel
ISR,2024,19.9,Israel
ITA,2015,16.4,Italy
ITA,2016,17.4,Italy
ITA,2017,17.4,Italy
ITA,2018,17.45,Italy
ITA,2019,17.4,Italy
ITA,2020,17.75,Italy
ITA,2021,18.0,Italy
ITA,2022,18.05,Italy
ITA,2023,18.05,Italy
ITA,2024,18.1,Italy
JAM,2015,8.65,Jamaica
JAM,2016,8.65,Jamaica
JAM,2017,8.65,Jamaica
JAM,2018,8.65,Jamaica
JAM,2019,8.65,Jamaica
JAM,2020,8.65,Jamaica
JAM,2021,8.799999999999999,Jamaica
JAM,2022,10.8,Jamaica
JAM,2023,10.8,Jamaica
JAM,2024,10.75,Jamaica
JOR,2015,1.7,Jordan
JOR,2016,1.75,Jordan
JOR,2017,1.8,Jordan
JOR,2018,1.8,Jordan
JOR,2019,3.1,Jordan
JOR,2020,4.5,Jordan
JOR,2021,4.5,Jordan
JOR,2022,4.5,Jordan
JOR,2023,4.5,Jordan
JOR,2024,5.4,Jordan
JPN,2015,10.75,Japan
JPN,2016,19.7,Japan
JPN,2017,19.7,Japan
JPN,2018,19.7,Japan
JPN,2019,19.7,Japan
JPN,2020,19.7,Japan
JPN,2021,22.45,Japan
JPN,2022,22.45,Japan
JPN,2023,22.45,Japan
JPN,2024,22.3,Japan
KAZ,2015,3.25,Kazakhstan
KAZ,2016,3.25,Kazakhstan
KAZ,2017,3.25,Kazakhstan
KAZ,2018,3.25,Kazakhstan
KAZ,2019,3.25,Kazakhstan
KAZ,2020,10.85,Kazakhstan
KAZ,2021,10.85,Kazakhstan
KAZ,2022,10.85,Kazakhstan
KAZ,2023,10.85,Kazakhstan
KAZ,2024,11.0,Kazakhstan
KEN,2015,11.25,Kenya
KEN,2016,11.45,Kenya
KEN,2017,11.45,Kenya
KEN,2018,11.45,Kenya
KEN,2019,11.45,Kenya
KEN,2020,11.45,Kenya
KEN,2021,11.45,Kenya
KEN,2022,11.25,Kenya
KEN,2023,11.25,Kenya
KEN,2024,12.9,Kenya
KGZ,2015,6.5,Kyrgyz Republic
KGZ,2016,6.7,Kyrgyz Republic
KGZ,2017,6.7,Kyrgyz Republic
KGZ,2018,6.7,Kyrgyz Republic
KGZ,2019,6.7,Kyrgyz Republic
KGZ,2020,6.7,Kyrgyz Republic
KGZ,2021,6.7,Kyrgyz Republic
KGZ,2022,6.7,Kyrgyz Republic
KGZ,2023,6.7,Kyrgyz Republic
KGZ,2024,6.8,Kyrgyz Republic
KHM,2015,23.3,Cambodia
KHM,2016,23.3,Cambodia
KHM,2017,23.3,Cambodia
KHM,2018,23.3,Cambodia
KHM,2019,23.3,Cambodia
KHM,2020,35.75,Cambodia
KHM,2021,35.75,Cambodia
KHM,2022,35.75,Cambodia
KHM,2023,35.75,Cambodia
KHM,2024,35.8,Cambodia
KIR,2015,17.0,Kiribati
KIR,2016,17.1,Kiribati
KIR,2017,17.1,Kiribati
KIR,2018,17.1,Kiribati
KIR,2019,17.1,Kiribati
KIR,2020,17.1,Kiribati
KIR,2021,17.1,Kiribati
KIR,2022,17.1,Kiribati
KIR,2023,17.1,Kiribati
KIR,2024,17.4,Kiribati
KNA,2015,1.7999999999999998,St. Kitts and Nevis
KNA,2016,1.7999999999999998,St. Kitts and Nevis
KNA,2017,1.7999999999999998,St. Kitts and Nevis
KNA,2018,1.7999999999999998,St. Kitts and Nevis
KNA,2019,13.7,St. Kitts and Nevis
KNA,2020,13.7,St. Kitts and Nevis
KNA,2021,13.7,St. Kitts and Nevis
KNA,2022,13.7,St. Kitts and Nevis
KNA,2023,13.7,St. Kitts and Nevis
KNA,2024,10.85,St. Kitts and Nevis
KOR,2015,5.1,"Korea, Rep."
KOR,2016,7.55,"Korea, Rep."
KOR,2017,7.55,"Korea, Rep."
KOR,2018,7.85,"Korea, Rep."
KOR,2019,10.6,"Korea, Rep."
KOR,2020,11.25,"Korea, Rep."
KOR,2021,11.45,"Korea, Rep."
KOR,2022,11.45,"Korea, Rep."
KOR,2023,11.45,"Korea, Rep."
KOR,2024,11.6,"Korea, Rep."
KWT,2015,15.0,Kuwait
KWT,2016,14.25,Kuwait
KWT,2017,14.25,Kuwait
KWT,2018,14.25,Kuwait
KWT,2019,13.9,Kuwait
KWT,2020,13.9,Kuwait
KWT,2021,13.9,Kuwait
KWT,2022,13.9,Kuwait
KWT,2023,14.2,Kuwait
KWT,2024,14.3,Kuwait
LAC,2015,18.51792833181295,Latin America & Caribbean (excluding high income)
LAC,2016,19.28901032543205,Latin America & Caribbean (excluding high income)
LAC,2017,19.391302481082448,Latin America & Caribbean (excluding high income)
LAC,2018,21.24438917768535,Latin America & Caribbean (excluding high income)
LAC,2019,21.72972613723595,Latin America & Caribbean (excluding high income)
LAC,2020,21.757715567183652,Latin America & Caribbean (excluding high income)
LAC,2021,21.828264637795698,Latin America & Caribbean (excluding high income)
LAC,2022,22.062725759128398,Latin America & Caribbean (excluding high income)
LAC,2023,22.173230706934397,Latin America & Caribbean (excluding high income)
LAC,2024,22.5993990420879,Latin America & Caribbean (excluding high income)
LAO,2015,16.7,Lao PDR
LAO,2016,16.7,Lao PDR
LAO,2017,16.7,Lao PDR
LAO,2018,16.7,Lao PDR
LAO,2019,16.7,Lao PDR
LAO,2020,18.7,Lao PDR
LAO,2021,18.7,Lao PDR
LAO,2022,18.7,Lao PDR
LAO,2023,19.0,Lao PDR
LAO,2024,18.8,Lao PDR
LBN,2015,1.75,Lebanon
LBN,2016,1.8,Lebanon
LBN,2017,1.8,Lebanon
LBN,2018,1.8,Lebanon
LBN,2019,1.8,Lebanon
LBN,2020,1.8,Lebanon
LBN,2021,1.35,Lebanon
LBN,2022,1.35,Lebanon
LBN,2023,1.35,Lebanon
LBN,2024,5.4,Lebanon
LBR,2015,1.65,Liberia
LBR,2016,1.65,Liberia
LBR,2017,2.65,Liberia
LBR,2018,2.65,Liberia
LBR,2019,2.65,Liberia
LBR,2020,2.65,Liberia
LBR,2021,2.65,Liberia
LBR,2022,2.65,Liberia
LBR,2023,2.65,Liberia
LBR,2024,2.6,Liberia
LBY,2015,0.25,Libya
LBY,2016,0.25,Libya
LBY,2017,0.25,Libya
LBY,2018,0.25,Libya
LBY,2019,0.25,Libya
LBY,2020,0.15000000000000002,Libya
LBY,2021,0.15000000000000002,Libya
LBY,2022,0.15000000000000002,Libya
LBY,2023,0.15000000000000002,Libya
LBY,2024,0.15000000000000002,Libya
LCA,2015,9.799999999999999,St. Lucia
LCA,2016,9.799999999999999,St. Lucia
LCA,2017,9.799999999999999,St. Lucia
LCA,2018,9.799999999999999,St. Lucia
LCA,2019,9.799999999999999,St. Lucia
LCA,2020,9.799999999999999,St. Lucia
LCA,2021,9.799999999999999,St. Lucia
LCA,2022,9.799999999999999,St. Lucia
LCA,2023,9.799999999999999,St. Lucia
LCA,2024,9.6,St. Lucia
LCN,2015,18.4495816923796,Latin America & Caribbean
LCN,2016,19.40627234827675,Latin America & Caribbean
LCN,2017,19.5602798058406,Latin America & Caribbean
LCN,2018,21.73455357664905,Latin America & Caribbean
LCN,2019,22.7710427079239,Latin America & Caribbean
LCN,2020,22.98777003954215,Latin America & Caribbean
LCN,2021,23.1086132496084,Latin America & Caribbean
LCN,2022,23.48484806014405,Latin America & Caribbean
LCN,2023,23.578435882944248,Latin America & Caribbean
LCN,2024,23.911378594640702,Latin America & Caribbean
LDC,2015,11.68819418614465,Least developed countries: UN classification
LDC,2016,12.1339508685017,Least developed countries: UN classification
LDC,2017,12.3188136140887,Least developed countries: UN classification
LDC,2018,12.30258576478545,Least developed countries: UN classification
LDC,2019,11.94775431413955,Least developed countries: UN classification
LDC,2020,12.4645834241163,Least developed countries: UN classification
LDC,2021,12.5224806728303,Least developed countries: UN classification
LDC,2022,12.54020313871315,Least developed countries: UN classification
LDC,2023,12.81366378507105,Least developed countries: UN classification
LDC,2024,12.9713190765425,Least developed countries: UN classification
LIC,2015,9.96978104807594,Low income
LIC,2016,10.305226842037609,Low income
LIC,2017,10.528824714223015,Low income
LIC,2018,10.572187516801694,Low income
LIC,2019,9.917287615379095,Low income
LIC,2020,10.66199679430795,Low income
LIC,2021,10.643820641248311,Low income
LIC,2022,10.654154571729364,Low income
LIC,2023,10.654154571729315,Low income
LIC,2024,10.89931766553844,Low income
LIE,2015,42.2,Liechtenstein
LIE,2016,42.2,Liechtenstein
LIE,2017,11.9,Liechtenstein
LIE,2018,11.9,Liechtenstein
LIE,2019,42.2,Liechtenstein
LIE,2020,42.6,Liechtenstein
LIE,2021,42.6,Liechtenstein
LIE,2022,42.6,Liechtenstein
LIE,2023,42.6,Liechtenstein
LIE,2024,44.8,Liechtenstein
LKA,2015,16.65,Sri Lanka
LKA,2016,16.65,Sri Lanka
LKA,2017,16.65,Sri Lanka
LKA,2018,16.65,Sri Lanka
LKA,2019,16.65,Sri Lanka
LKA,2020,16.65,Sri Lanka
LKA,2021,16.65,Sri Lanka
LKA,2022,16.65,Sri Lanka
LKA,2023,16.65,Sri Lanka
LKA,2024,16.7,Sri Lanka
LMC,2015,12.520578575329381,Lower middle income
LMC,2016,12.82675181053601,Lower middle income
LMC,2017,12.874310334662521,Lower middle income
LMC,2018,12.851821331350735,Lower middle income
LMC,2019,12.96666782976219,Lower middle income
LMC,2020,12.59277943029892,Lower middle income
LMC,2021,12.789608937688055,Lower middle income
LMC,2022,12.794901053355705,Lower middle income
LMC,2023,13.207620567115018,Lower middle income
LMC,2024,13.49839302890694,Lower middle income
LMY,2015,12.245693711597955,Low & middle income
LMY,2016,12.62463643013165,Low & middle income
LMY,2017,12.73043731634975,Low & middle income
LMY,2018,12.96165693195735,Low & middle income
LMY,2019,12.99999781128135,Low & middle income
LMY,2020,13.2154705760938,Low & middle income
LMY,2021,13.412897900772201,Low & middle income
LMY,2022,13.4802695635326,Low & middle income
LMY,2023,13.616699734676502,Low & middle income
LMY,2024,13.896031008436,Low & middle income
LSO,2015,0.3,Lesotho
LSO,2016,0.3,Lesotho
LSO,2017,0.3,Lesotho
LSO,2018,0.3,Lesotho
LSO,2019,0.3,Lesotho
LSO,2020,0.5,Lesotho
LSO,2021,0.5,Lesotho
LSO,2022,0.5,Lesotho
LSO,2023,21.3,Lesotho
LSO,2024,23.4,Lesotho
LTE,2015,13.393991725755349,Late-demographic dividend
LTE,2016,13.71399751325665,Late-demographic dividend
LTE,2017,13.81753049931825,Late-demographic dividend
LTE,2018,14.6549653543407,Late-demographic dividend
LTE,2019,15.245405579911651,Late-demographic dividend
LTE,2020,16.13986761657435,Late-demographic dividend
LTE,2021,16.151920894781853,Late-demographic dividend
LTE,2022,16.2467272682001,Late-demographic dividend
LTE,2023,16.2744509683245,Late-demographic dividend
LTE,2024,16.6520646826172,Late-demographic dividend
LTU,2015,16.9,Lithuania
LTU,2016,17.1,Lithuania
LTU,2017,17.35,Lithuania
LTU,2018,17.4,Lithuania
LTU,2019,17.4,Lithuania
LTU,2020,17.4,Lithuania
LTU,2021,17.450000000000003,Lithuania
LTU,2022,17.450000000000003,Lithuania
LTU,2023,17.450000000000003,Lithuania
LTU,2024,18.05,Lithuania
LUX,2015,32.5,Luxembourg
LUX,2016,42.0,Luxembourg
LUX,2017,40.9,Luxembourg
LUX,2018,40.9,Luxembourg
LUX,2019,51.2,Luxembourg
LUX,2020,51.2,Luxembourg
LUX,2021,51.3,Luxembourg
LUX,2022,55.8,Luxembourg
LUX,2023,55.8,Luxembourg
LUX,2024,38.7,Luxembourg
LVA,2015,18.0,Latvia
LVA,2016,17.85,Latvia
LVA,2017,17.85,Latvia
LVA,2018,17.85,Latvia
LVA,2019,17.85,Latvia
LVA,2020,17.85,Latvia
LVA,2021,17.85,Latvia
LVA,2022,17.85,Latvia
LVA,2023,17.85,Latvia
LVA,2024,18.2,Latvia
MAF,2015,5.949999999999999,St. Martin (French part)
MAF,2016,54.3,St. Martin (French part)
MAF,2017,52.4,St. Martin (French part)
MAF,2018,52.4,St. Martin (French part)
MAF,2019,52.4,St. Martin (French part)
MAF,2020,52.4,St. Martin (French part)
MAF,2021,52.4,St. Martin (French part)
MAF,2022,52.4,St. Martin (French part)
MAF,2023,52.4,St. Martin (French part)
MAF,2024,50.8,St. Martin (French part)
MAR,2015,24.65,Morocco
MAR,2016,24.65,Morocco
MAR,2017,24.65,Morocco
MAR,2018,24.6,Morocco
MAR,2019,24.6,Morocco
MAR,2020,3.55,Morocco
MAR,2021,1.9000000000000001,Morocco
MAR,2022,1.9000000000000001,Morocco
MAR,2023,1.9000000000000001,Morocco
MAR,2024,1.75,Morocco
MCO,2015,11.65,Monaco
MCO,2016,66.35,Monaco
MCO,2017,66.30000000000001,Monaco
MCO,2018,66.35,Monaco
MCO,2019,66.30000000000001,Monaco
MCO,2020,66.30000000000001,Monaco
MCO,2021,54.7,Monaco
MCO,2022,54.7,Monaco
MCO,2023,54.7,Monaco
MCO,2024,60.2,Monaco
MDA,2015,4.2,Moldova
MDA,2016,4.2,Moldova
MDA,2017,4.2,Moldova
MDA,2018,4.2,Moldova
MDA,2019,4.2,Moldova
MDA,2020,4.2,Moldova
MDA,2021,11.4,Moldova
MDA,2022,11.4,Moldova
MDA,2023,11.4,Moldova
MDA,2024,11.5,Moldova
MDG,2015,3.45,Madagascar
MDG,2016,3.6,Madagascar
MDG,2017,4.0,Madagascar
MDG,2018,3.9499999999999997,Madagascar
MDG,2019,3.9499999999999997,Madagascar
MDG,2020,5.3,Madagascar
MDG,2021,5.3,Madagascar
MDG,2022,5.3,Madagascar
MDG,2023,5.3,Madagascar
MDG,2024,8.899999999999999,Madagascar
MDV,2015,0.55,Maldives
MDV,2016,0.55,Maldives
MDV,2017,0.65,Maldives
MDV,2018,0.65,Maldives
MDV,2019,0.65,Maldives
MDV,2020,1.2,Maldives
MDV,2021,1.2,Maldives
MDV,2022,1.2,Maldives
MDV,2023,1.2,Maldives
MDV,2024,1.55,Maldives
MEA,2015,9.77849404580593,"Middle East, North Africa, Afghanistan & Pakistan"
MEA,2016,6.073570881617989,"Middle East, North Africa, Afghanistan & Pakistan"
MEA,2017,6.186249201003265,"Middle East, North Africa, Afghanistan & Pakistan"
MEA,2018,6.196920791595375,"Middle East, North Africa, Afghanistan & Pakistan"
MEA,2019,6.21420468484154,"Middle East, North Africa, Afghanistan & Pakistan"
MEA,2020,5.097581551926281,"Middle East, North Africa, Afghanistan & Pakistan"
MEA,2021,5.06165786240425,"Middle East, North Africa, Afghanistan & Pakistan"
MEA,2022,5.0669764695572646,"Middle East, North Africa, Afghanistan & Pakistan"
MEA,2023,6.624425506914005,"Middle East, North Africa, Afghanistan & Pakistan"
MEA,2024,8.188679630874095,"Middle East, North Africa, Afghanistan & Pakistan"
MEX,2015,10.0,Mexico
MEX,2016,16.8,Mexico
MEX,2017,16.8,Mexico
MEX,2018,16.7,Mexico
MEX,2019,16.7,Mexico
MEX,2020,16.7,Mexico
MEX,2021,16.7,Mexico
MEX,2022,16.8,Mexico
MEX,2023,16.8,Mexico
MEX,2024,17.6,Mexico
MHL,2015,6.1000000000000005,Marshall Islands
MHL,2016,6.1000000000000005,Marshall Islands
MHL,2017,6.1000000000000005,Marshall Islands
MHL,2018,6.1000000000000005,Marshall Islands
MHL,2019,6.1000000000000005,Marshall Islands
MHL,2020,6.1000000000000005,Marshall Islands
MHL,2021,6.1000000000000005,Marshall Islands
MHL,2022,6.1000000000000005,Marshall Islands
MHL,2023,6.1000000000000005,Marshall Islands
MHL,2024,8.450000000000001,Marshall Islands
MIC,2015,12.697682261498905,Middle income
MIC,2016,13.076949622502749,Middle income
MIC,2017,13.160798030594,Middle income
MIC,2018,13.41027494645305,Middle income
MIC,2019,13.59908904367775,Middle income
MIC,2020,13.71395633794865,Middle income
MIC,2021,13.9525703524527,Middle income
MIC,2022,14.0288636740323,Middle income
MIC,2023,14.191741779688002,Middle income
MIC,2024,14.47642534517145,Middle income
MKD,2015,9.7,North Macedonia
MKD,2016,9.7,North Macedonia
MKD,2017,9.7,North Macedonia
MKD,2018,9.7,North Macedonia
MKD,2019,10.6,North Macedonia
MKD,2020,9.0,North Macedonia
MKD,2021,12.5,North Macedonia
MKD,2022,15.4,North Macedonia
MKD,2023,15.4,North Macedonia
MKD,2024,28.2,North Macedonia
MLI,2015,8.3,Mali
MLI,2016,8.2,Mali
MLI,2017,8.2,Mali
MLI,2018,8.2,Mali
MLI,2019,8.2,Mali
MLI,2020,7.5,Mali
MLI,2021,7.5,Mali
MLI,2022,7.5,Mali
MLI,2023,7.5,Mali
MLI,2024,7.5,Mali
MLT,2015,11.85,Malta
MLT,2016,15.25,Malta
MLT,2017,18.35,Malta
MLT,2018,18.35,Malta
MLT,2019,18.9,Malta
MLT,2020,19.1,Malta
MLT,2021,19.1,Malta
MLT,2022,19.1,Malta
MLT,2023,19.1,Malta
MLT,2024,18.45,Malta
MMR,2015,5.6,Myanmar
MMR,2016,5.65,Myanmar
MMR,2017,5.7,Myanmar
MMR,2018,5.5,Myanmar
MMR,2019,5.1,Myanmar
MMR,2020,5.25,Myanmar
MMR,2021,5.25,Myanmar
MMR,2022,5.25,Myanmar
MMR,2023,5.25,Myanmar
MMR,2024,5.3,Myanmar
MNA,2015,6.343755788563335,"Middle East, North Africa, Afghanistan & Pakistan (excluding high income)"
MNA,2016,6.596837096996095,"Middle East, North Africa, Afghanistan & Pakistan (excluding high income)"
MNA,2017,6.593295299286865,"Middle East, North Africa, Afghanistan & Pakistan (excluding high income)"
MNA,2018,6.595434031468979,"Middle East, North Africa, Afghanistan & Pakistan (excluding high income)"
MNA,2019,6.606299980198536,"Middle East, North Africa, Afghanistan & Pakistan (excluding high income)"
MNA,2020,5.188150403088165,"Middle East, North Africa, Afghanistan & Pakistan (excluding high income)"
MNA,2021,5.109340150805744,"Middle East, North Africa, Afghanistan & Pakistan (excluding high income)"
MNA,2022,5.109340150805744,"Middle East, North Africa, Afghanistan & Pakistan (excluding high income)"
MNA,2023,5.11026150313541,"Middle East, North Africa, Afghanistan & Pakistan (excluding high income)"
MNA,2024,5.65626868475377,"Middle East, North Africa, Afghanistan & Pakistan (excluding high income)"
MNE,2015,3.3499999999999996,Montenegro
MNE,2016,3.3499999999999996,Montenegro
MNE,2017,5.300000000000001,Montenegro
MNE,2018,5.300000000000001,Montenegro
MNE,2019,8.7,Montenegro
MNE,2020,11.4,Montenegro
MNE,2021,11.4,Montenegro
MNE,2022,11.55,Montenegro
MNE,2023,11.55,Montenegro
MNE,2024,18.9,Montenegro
MNG,2015,17.4,Mongolia
MNG,2016,17.4,Mongolia
MNG,2017,17.7,Mongolia
MNG,2018,17.7,Mongolia
MNG,2019,17.7,Mongolia
MNG,2020,19.8,Mongolia
MNG,2021,19.8,Mongolia
MNG,2022,19.8,Mongolia
MNG,2023,19.8,Mongolia
MNG,2024,19.8,Mongolia
MNP,2015,20.400000000000002,Northern Mariana Islands
MNP,2016,20.450000000000003,Northern Mariana Islands
MNP,2017,20.450000000000003,Northern Mariana Islands
MNP,2018,20.450000000000003,Northern Mariana Islands
MNP,2019,20.450000000000003,Northern Mariana Islands
MNP,2020,19.85,Northern Mariana Islands
MNP,2021,20.400000000000002,Northern Mariana Islands
MNP,2022,20.400000000000002,Northern Mariana Islands
MNP,2023,17.5,Northern Mariana Islands
MNP,2024,17.599999999999998,Northern Mariana Islands
MOZ,2015,15.7,Mozambique
MOZ,2016,17.5,Mozambique
MOZ,2017,17.55,Mozambique
MOZ,2018,17.5,Mozambique
MOZ,2019,17.5,Mozambique
MOZ,2020,23.75,Mozambique
MOZ,2021,23.75,Mozambique
MOZ,2022,23.75,Mozambique
MOZ,2023,23.75,Mozambique
MOZ,2024,23.75,Mozambique
MRT,2015,0.8500000000000001,Mauritania
MRT,2016,0.8500000000000001,Mauritania
MRT,2017,0.8500000000000001,Mauritania
MRT,2018,0.8500000000000001,Mauritania
MRT,2019,0.8500000000000001,Mauritania
MRT,2020,0.8500000000000001,Mauritania
MRT,2021,0.8500000000000001,Mauritania
MRT,2022,0.8500000000000001,Mauritania
MRT,2023,0.8500000000000001,Mauritania
MRT,2024,0.8,Mauritania
MUS,2015,2.35,Mauritius
MUS,2016,2.35,Mauritius
MUS,2017,2.35,Mauritius
MUS,2018,2.35,Mauritius
MUS,2019,2.35,Mauritius
MUS,2020,2.35,Mauritius
MUS,2021,2.35,Mauritius
MUS,2022,2.35,Mauritius
MUS,2023,2.35,Mauritius
MUS,2024,2.5,Mauritius
MWI,2015,16.9,Malawi
MWI,2016,16.9,Malawi
MWI,2017,17.4,Malawi
MWI,2018,22.9,Malawi
MWI,2019,22.9,Malawi
MWI,2020,22.9,Malawi
MWI,2021,22.9,Malawi
MWI,2022,22.9,Malawi
MWI,2023,22.9,Malawi
MWI,2024,23.1,Malawi
MYS,2015,14.0,Malaysia
MYS,2016,14.0,Malaysia
MYS,2017,14.0,Malaysia
MYS,2018,14.05,Malaysia
MYS,2019,14.05,Malaysia
MYS,2020,10.4,Malaysia
MYS,2021,11.05,Malaysia
MYS,2022,11.05,Malaysia
MYS,2023,11.05,Malaysia
MYS,2024,10.850000000000001,Malaysia
NAC,2015,12.31229194282875,North America
NAC,2016,14.0985972535987,North America
NAC,2017,14.29994039633925,North America
NAC,2018,14.23324803427575,North America
NAC,2019,14.7976519028131,North America
NAC,2020,13.909062697775349,North America
NAC,2021,12.895792924999249,North America
NAC,2022,13.23793247628195,North America
NAC,2023,13.262020768452,North America
NAC,2024,13.2840662007838,North America
NAM,2015,30.549999999999997,Namibia
NAM,2016,30.549999999999997,Namibia
NAM,2017,30.6,Namibia
NAM,2018,30.549999999999997,Namibia
NAM,2019,30.549999999999997,Namibia
NAM,2020,30.549999999999997,Namibia
NAM,2021,30.549999999999997,Namibia
NAM,2022,30.549999999999997,Namibia
NAM,2023,32.2,Namibia
NAM,2024,32.15,Namibia
NCL,2015,75.1,New Caledonia
NCL,2016,75.15,New Caledonia
NCL,2017,74.85,New Caledonia
NCL,2018,75.2,New Caledonia
NCL,2019,77.75,New Caledonia
NCL,2020,77.75,New Caledonia
NCL,2021,77.75,New Caledonia
NCL,2022,77.75,New Caledonia
NCL,2023,77.75,New Caledonia
NCL,2024,79.5,New Caledonia
NER,2015,17.3,Niger
NER,2016,17.3,Niger
NER,2017,17.3,Niger
NER,2018,17.3,Niger
NER,2019,17.3,Niger
NER,2020,18.2,Niger
NER,2021,18.2,Niger
NER,2022,18.2,Niger
NER,2023,18.2,Niger
NER,2024,18.2,Niger
NGA,2015,12.75,Nigeria
NGA,2016,12.75,Nigeria
NGA,2017,12.75,Nigeria
NGA,2018,12.75,Nigeria
NGA,2019,12.75,Nigeria
NGA,2020,12.75,Nigeria
NGA,2021,12.75,Nigeria
NGA,2022,12.75,Nigeria
NGA,2023,12.75,Nigeria
NGA,2024,12.75,Nigeria
NIC,2015,26.35,Nicaragua
NIC,2016,26.35,Nicaragua
NIC,2017,26.35,Nicaragua
NIC,2018,26.35,Nicaragua
NIC,2019,26.35,Nicaragua
NIC,2020,15.65,Nicaragua
NIC,2021,15.65,Nicaragua
NIC,2022,15.65,Nicaragua
NIC,2023,15.65,Nicaragua
NIC,2024,15.649999999999999,Nicaragua
NLD,2015,14.6,Netherlands
NLD,2016,14.6,Netherlands
NLD,2017,16.2,Netherlands
NLD,2018,16.2,Netherlands
NLD,2019,23.9,Netherlands
NLD,2020,23.9,Netherlands
NLD,2021,23.9,Netherlands
NLD,2022,23.9,Netherlands
NLD,2023,23.9,Netherlands
NLD,2024,26.35,Netherlands
NOR,2015,10.85,Norway
NOR,2016,11.0,Norway
NOR,2017,11.100000000000001,Norway
NOR,2018,11.100000000000001,Norway
NOR,2019,10.9,Norway
NOR,2020,11.65,Norway
NOR,2021,22.5,Norway
NOR,2022,22.85,Norway
NOR,2023,11.649999999999999,Norway
NOR,2024,11.600000000000001,Norway
NPL,2015,23.4,Nepal
NPL,2016,23.6,Nepal
NPL,2017,23.6,Nepal
NPL,2018,23.6,Nepal
NPL,2019,23.6,Nepal
NPL,2020,23.6,Nepal
NPL,2021,23.6,Nepal
NPL,2022,23.6,Nepal
NPL,2023,23.6,Nepal
NPL,2024,23.6,Nepal
NRU,2021,0.0,Nauru
NRU,2022,0.0,Nauru
NRU,2023,0.0,Nauru
NRU,2024,0.0,Nauru
NZL,2015,31.5,New Zealand
NZL,2016,31.5,New Zealand
NZL,2017,31.5,New Zealand
NZL,2018,31.7,New Zealand
NZL,2019,31.7,New Zealand
NZL,2020,32.0,New Zealand
NZL,2021,32.0,New Zealand
NZL,2022,32.0,New Zealand
NZL,2023,32.0,New Zealand
NZL,2024,32.0,New Zealand
OED,2015,14.5814235202199,OECD members
OED,2016,16.57819260476935,OECD members
OED,2017,17.20890331410225,OECD members
OED,2018,17.590385613469152,OECD members
OED,2019,18.24260955855445,OECD members
OED,2020,18.10360965801285,OECD members
OED,2021,18.318358776666997,OECD members
OED,2022,18.590332169857753,OECD members
OED,2023,18.472074198599252,OECD members
OED,2024,18.9795845918697,OECD members
OMN,2015,1.8,Oman
OMN,2016,1.8,Oman
OMN,2017,1.8,Oman
OMN,2018,1.8,Oman
OMN,2019,1.8,Oman
OMN,2020,1.8,Oman
OMN,2021,2.55,Oman
OMN,2022,2.55,Oman
OMN,2023,2.8,Oman
OMN,2024,20.15,Oman
OSS,2015,10.11243059078942,Other small states
OSS,2016,10.415242855891805,Other small states
OSS,2017,10.641646131401659,Other small states
OSS,2018,10.96094151150495,Other small states
OSS,2019,13.226264478185275,Other small states
OSS,2020,15.660631308011805,Other small states
OSS,2021,15.743904861999301,Other small states
OSS,2022,15.853110367047954,Other small states
OSS,2023,15.853110367047954,Other small states
OSS,2024,16.298071064741826,Other small states
PAK,2015,11.05,Pakistan
PAK,2016,11.05,Pakistan
PAK,2017,11.05,Pakistan
PAK,2018,11.05,Pakistan
PAK,2019,11.05,Pakistan
PAK,2020,11.05,Pakistan
PAK,2021,11.05,Pakistan
PAK,2022,11.05,Pakistan
PAK,2023,11.05,Pakistan
PAK,2024,17.25,Pakistan
PAN,2015,13.049999999999999,Panama
PAN,2016,13.049999999999999,Panama
PAN,2017,13.049999999999999,Panama
PAN,2018,13.049999999999999,Panama
PAN,2019,13.049999999999999,Panama
PAN,2020,23.6,Panama
PAN,2021,29.549999999999997,Panama
PAN,2022,29.549999999999997,Panama
PAN,2023,29.549999999999997,Panama
PAN,2024,29.299999999999997,Panama
PER,2015,25.45,Peru
PER,2016,17.2,Peru
PER,2017,17.2,Peru
PER,2018,17.2,Peru
PER,2019,17.4,Peru
PER,2020,17.450000000000003,Peru
PER,2021,18.0,Peru
PER,2022,19.65,Peru
PER,2023,19.65,Peru
PER,2024,19.65,Peru
PHL,2015,9.200000000000001,Philippines
PHL,2016,9.200000000000001,Philippines
PHL,2017,9.200000000000001,Philippines
PHL,2018,9.200000000000001,Philippines
PHL,2019,9.25,Philippines
PHL,2020,9.25,Philippines
PHL,2021,9.8,Philippines
PHL,2022,9.8,Philippines
PHL,2023,9.8,Philippines
PHL,2024,9.8,Philippines
PLW,2015,12.6,Palau
PLW,2016,55.45,Palau
PLW,2017,55.45,Palau
PLW,2018,55.45,Palau
PLW,2019,72.1,Palau
PLW,2020,72.1,Palau
PLW,2021,72.1,Palau
PLW,2022,72.1,Palau
PLW,2023,72.1,Palau
PLW,2024,64.7,Palau
PNG,2015,1.9,Papua New Guinea
PNG,2016,1.9,Papua New Guinea
PNG,2017,1.9,Papua New Guinea
PNG,2018,1.9,Papua New Guinea
PNG,2019,2.2,Papua New Guinea
PNG,2020,2.2,Papua New Guinea
PNG,2021,2.2,Papua New Guinea
PNG,2022,2.2,Papua New Guinea
PNG,2023,2.2,Papua New Guinea
PNG,2024,2.2,Papua New Guinea
POL,2015,29.65,Poland
POL,2016,38.8,Poland
POL,2017,38.900000000000006,Poland
POL,2018,38.900000000000006,Poland
POL,2019,38.900000000000006,Poland
POL,2020,38.75,Poland
POL,2021,38.75,Poland
POL,2022,38.8,Poland
POL,2023,38.8,Poland
POL,2024,38.900000000000006,Poland
PRE,2015,12.443919426439649,Pre-demographic dividend
PRE,2016,12.9948091999024,Pre-demographic dividend
PRE,2017,13.1957898840549,Pre-demographic dividend
PRE,2018,13.2318872720086,Pre-demographic dividend
PRE,2019,12.8037843037717,Pre-demographic dividend
PRE,2020,13.249514554421399,Pre-demographic dividend
PRE,2021,13.269322045592698,Pre-demographic dividend
PRE,2022,13.27983801936195,Pre-demographic dividend
PRE,2023,13.54473543165065,Pre-demographic dividend
PRE,2024,13.74928731205955,Pre-demographic dividend
PRI,2015,4.7,Puerto Rico (US)
PRI,2016,4.65,Puerto Rico (US)
PRI,2017,4.65,Puerto Rico (US)
PRI,2018,4.65,Puerto Rico (US)
PRI,2019,4.65,Puerto Rico (US)
PRI,2020,4.65,Puerto Rico (US)
PRI,2021,4.75,Puerto Rico (US)
PRI,2022,4.75,Puerto Rico (US)
PRI,2023,4.4,Puerto Rico (US)
PRI,2024,4.35,Puerto Rico (US)
PRK,2015,1.85,"Korea, Dem. People's Rep."
PRK,2016,1.85,"Korea, Dem. People's Rep."
PRK,2017,1.7999999999999998,"Korea, Dem. People's Rep."
PRK,2018,1.85,"Korea, Dem. People's Rep."
PRK,2019,1.85,"Korea, Dem. People's Rep."
PRK,2020,1.85,"Korea, Dem. People's Rep."
PRK,2021,1.85,"Korea, Dem. People's Rep."
PRK,2022,1.85,"Korea, Dem. People's Rep."
PRK,2023,1.85,"Korea, Dem. People's Rep."
PRK,2024,1.85,"Korea, Dem. People's Rep."
PRT,2015,15.1,Portugal
PRT,2016,16.05,Portugal
PRT,2017,19.7,Portugal
PRT,2018,19.9,Portugal
PRT,2019,19.9,Portugal
PRT,2020,20.0,Portugal
PRT,2021,20.0,Portugal
PRT,2022,20.049999999999997,Portugal
PRT,2023,20.049999999999997,Portugal
PRT,2024,19.950000000000003,Portugal
PRY,2015,6.5,Paraguay
PRY,2016,6.5,Paraguay
PRY,2017,6.5,Paraguay
PRY,2018,14.3,Paraguay
PRY,2019,14.3,Paraguay
PRY,2020,14.3,Paraguay
PRY,2021,14.3,Paraguay
PRY,2022,14.3,Paraguay
PRY,2023,14.3,Paraguay
PRY,2024,14.9,Paraguay
PSE,2017,8.4,West Bank and Gaza
PSE,2018,8.4,West Bank and Gaza
PSE,2019,8.4,West Bank and Gaza
PSE,2020,8.4,West Bank and Gaza
PSE,2021,8.4,West Bank and Gaza
PSE,2022,8.4,West Bank and Gaza
PSE,2023,10.0,West Bank and Gaza
PSE,2024,10.0,West Bank and Gaza
PSS,2015,3.75084173820834,Pacific island small states
PSS,2016,5.507630698470465,Pacific island small states
PSS,2017,5.51838761934229,Pacific island small states
PSS,2018,5.518387619342295,Pacific island small states
PSS,2019,5.804155205906239,Pacific island small states
PSS,2020,5.8239934443617045,Pacific island small states
PSS,2021,5.74500920471056,Pacific island small states
PSS,2022,5.7940419995474794,Pacific island small states
PSS,2023,5.7940419995474794,Pacific island small states
PSS,2024,5.60085791675563,Pacific island small states
PST,2015,15.33079272368305,Post-demographic dividend
PST,2016,16.8895656521633,Post-demographic dividend
PST,2017,17.5632520363479,Post-demographic dividend
PST,2018,17.5632959025776,Post-demographic dividend
PST,2019,17.9676793092122,Post-demographic dividend
PST,2020,17.7528880535823,Post-demographic dividend
PST,2021,17.9952855903704,Post-demographic dividend
PST,2022,18.205354025459897,Post-demographic dividend
PST,2023,18.06824424484605,Post-demographic dividend
PST,2024,18.511760577140052,Post-demographic dividend
PYF,2015,1.0,French Polynesia
PYF,2016,1.0,French Polynesia
PYF,2017,1.0,French Polynesia
PYF,2018,1.0,French Polynesia
PYF,2019,1.0,French Polynesia
PYF,2020,1.0,French Polynesia
PYF,2021,1.0,French Polynesia
PYF,2022,1.0,French Polynesia
PYF,2023,1.0,French Polynesia
PYF,2024,0.9,French Polynesia
QAT,2015,1.6,Qatar
QAT,2016,1.6,Qatar
QAT,2017,8.95,Qatar
QAT,2018,8.95,Qatar
QAT,2019,8.95,Qatar
QAT,2020,10.8,Qatar
QAT,2021,10.8,Qatar
QAT,2022,10.8,Qatar
QAT,2023,10.8,Qatar
QAT,2024,10.7,Qatar
ROU,2015,23.5,Romania
ROU,2016,23.450000000000003,Romania
ROU,2017,24.4,Romania
ROU,2018,24.4,Romania
ROU,2019,24.45,Romania
ROU,2020,24.45,Romania
ROU,2021,24.45,Romania
ROU,2022,24.45,Romania
ROU,2023,24.45,Romania
ROU,2024,24.450000000000003,Romania
RUS,2015,8.649999999999999,Russian Federation
RUS,2016,8.649999999999999,Russian Federation
RUS,2017,8.649999999999999,Russian Federation
RUS,2018,8.649999999999999,Russian Federation
RUS,2019,8.649999999999999,Russian Federation
RUS,2020,10.05,Russian Federation
RUS,2021,10.05,Russian Federation
RUS,2022,10.05,Russian Federation
RUS,2023,10.0,Russian Federation
RUS,2024,10.05,Russian Federation
RWA,2015,8.8,Rwanda
RWA,2016,9.1,Rwanda
RWA,2017,9.1,Rwanda
RWA,2018,9.1,Rwanda
RWA,2019,9.1,Rwanda
RWA,2020,9.1,Rwanda
RWA,2021,9.1,Rwanda
RWA,2022,9.1,Rwanda
RWA,2023,9.1,Rwanda
RWA,2024,9.1,Rwanda
SAS,2015,5.685682677284725,South Asia
SAS,2016,5.691980757178,South Asia
SAS,2017,5.698304877205845,South Asia
SAS,2018,5.698304877205845,South Asia
SAS,2019,5.698304877205845,South Asia
SAS,2020,5.71282628509723,South Asia
SAS,2021,6.70781514913243,South Asia
SAS,2022,6.70781514913243,South Asia
SAS,2023,6.72321155481396,South Asia
SAS,2024,6.852969144482184,South Asia
SAU,2015,29.8,Saudi Arabia
SAU,2016,4.15,Saudi Arabia
SAU,2017,4.699999999999999,Saudi Arabia
SAU,2018,4.65,Saudi Arabia
SAU,2019,4.65,Saudi Arabia
SAU,2020,4.65,Saudi Arabia
SAU,2021,4.65,Saudi Arabia
SAU,2022,4.65,Saudi Arabia
SAU,2023,14.899999999999999,Saudi Arabia
SAU,2024,17.75,Saudi Arabia
SDN,2015,1.95,Sudan
SDN,2016,2.55,Sudan
SDN,2017,2.55,Sudan
SDN,2018,2.55,Sudan
SDN,2019,2.55,Sudan
SDN,2020,2.55,Sudan
SDN,2021,2.55,Sudan
SDN,2022,2.55,Sudan
SDN,2023,2.55,Sudan
SDN,2024,2.55,Sudan
SEN,2015,19.85,Senegal
SEN,2016,19.85,Senegal
SEN,2017,19.85,Senegal
SEN,2018,20.0,Senegal
SEN,2019,20.0,Senegal
SEN,2020,20.0,Senegal
SEN,2021,20.95,Senegal
SEN,2022,20.95,Senegal
SEN,2023,20.95,Senegal
SEN,2024,20.95,Senegal
SGP,2015,4.05,Singapore
SGP,2016,4.05,Singapore
SGP,2017,4.05,Singapore
SGP,2018,4.05,Singapore
SGP,2019,4.05,Singapore
SGP,2020,4.05,Singapore
SGP,2021,4.05,Singapore
SGP,2022,4.05,Singapore
SGP,2023,4.05,Singapore
SGP,2024,3.3499999999999996,Singapore
SLB,2015,1.2000000000000002,Solomon Islands
SLB,2016,1.2000000000000002,Solomon Islands
SLB,2017,1.2000000000000002,Solomon Islands
SLB,2018,1.2000000000000002,Solomon Islands
SLB,2019,0.9500000000000001,Solomon Islands
SLB,2020,0.9500000000000001,Solomon Islands
SLB,2021,0.9500000000000001,Solomon Islands
SLB,2022,1.1,Solomon Islands
SLB,2023,1.1,Solomon Islands
SLB,2024,1.3,Solomon Islands
SLE,2015,6.35,Sierra Leone
SLE,2016,6.35,Sierra Leone
SLE,2017,6.35,Sierra Leone
SLE,2018,6.35,Sierra Leone
SLE,2019,6.35,Sierra Leone
SLE,2020,6.35,Sierra Leone
SLE,2021,8.899999999999999,Sierra Leone
SLE,2022,8.899999999999999,Sierra Leone
SLE,2023,8.899999999999999,Sierra Leone
SLE,2024,8.85,Sierra Leone
SLV,2015,5.5,El Salvador
SLV,2016,5.5,El Salvador
SLV,2017,5.5,El Salvador
SLV,2018,5.5,El Salvador
SLV,2019,5.5,El Salvador
SLV,2020,5.35,El Salvador
SLV,2021,5.35,El Salvador
SLV,2022,5.35,El Salvador
SLV,2023,5.35,El Salvador
SLV,2024,5.2,El Salvador
SOM,2016,0.8286418097040775,Somalia
SOM,2019,0.0,Somalia
SOM,2020,0.0,Somalia
SOM,2021,0.0,Somalia
SOM,2022,0.0,Somalia
SOM,2023,0.0,Somalia
SOM,2024,0.0,Somalia
SRB,2015,6.7,Serbia
SRB,2016,6.6,Serbia
SRB,2017,6.6,Serbia
SRB,2018,6.6,Serbia
SRB,2019,7.6,Serbia
SRB,2020,7.6,Serbia
SRB,2021,7.6,Serbia
SRB,2022,8.1,Serbia
SRB,2023,8.1,Serbia
SRB,2024,13.4,Serbia
SSA,2015,13.78982298107405,Sub-Saharan Africa (excluding high income)
SSA,2016,14.387550231435899,Sub-Saharan Africa (excluding high income)
SSA,2017,14.66422012611585,Sub-Saharan Africa (excluding high income)
SSA,2018,14.408726457071602,Sub-Saharan Africa (excluding high income)
SSA,2019,14.088671343303048,Sub-Saharan Africa (excluding high income)
SSA,2020,14.41333589467665,Sub-Saharan Africa (excluding high income)
SSA,2021,14.43652034754545,Sub-Saharan Africa (excluding high income)
SSA,2022,14.469817314875751,Sub-Saharan Africa (excluding high income)
SSA,2023,14.79516241775765,Sub-Saharan Africa (excluding high income)
SSA,2024,14.978674296520001,Sub-Saharan Africa (excluding high income)
SSD,2015,15.5,South Sudan
SSD,2016,15.5,South Sudan
SSD,2017,15.5,South Sudan
SSD,2018,15.5,South Sudan
SSD,2019,15.5,South Sudan
SSD,2020,15.5,South Sudan
SSD,2021,15.5,South Sudan
SSD,2022,15.5,South Sudan
SSD,2023,15.5,South Sudan
SSD,2024,15.4,South Sudan
SSF,2015,13.7372874527525,Sub-Saharan Africa
SSF,2016,14.30010317452735,Sub-Saharan Africa
SSF,2017,14.559358038562749,Sub-Saharan Africa
SSF,2018,14.28222827173095,Sub-Saharan Africa
SSF,2019,14.278473152776598,Sub-Saharan Africa
SSF,2020,14.846155254728501,Sub-Saharan Africa
SSF,2021,14.903285010705499,Sub-Saharan Africa
SSF,2022,14.93479510968075,Sub-Saharan Africa
SSF,2023,15.2418821711864,Sub-Saharan Africa
SSF,2024,15.411421315422949,Sub-Saharan Africa
SST,2015,8.699624801207179,Small states
SST,2016,9.956363198237145,Small states
SST,2017,10.1913095831278,Small states
SST,2018,10.309306515871139,Small states
SST,2019,11.155993627634755,Small states
SST,2020,11.858348493763804,Small states
SST,2021,11.835510673095762,Small states
SST,2022,11.883093117398294,Small states
SST,2023,11.883093117398294,Small states
SST,2024,12.010770103010895,Small states
STP,2015,14.75,Sao Tome and Principe
STP,2016,14.75,Sao Tome and Principe
STP,2017,14.75,Sao Tome and Principe
STP,2018,14.75,Sao Tome and Principe
STP,2019,14.75,Sao Tome and Principe
STP,2020,14.75,Sao Tome and Principe
STP,2021,14.75,Sao Tome and Principe
STP,2022,14.75,Sao Tome and Principe
STP,2023,14.75,Sao Tome and Principe
STP,2024,15.95,Sao Tome and Principe
SUR,2015,11.5,Suriname
SUR,2016,11.5,Suriname
SUR,2017,11.5,Suriname
SUR,2018,11.5,Suriname
SUR,2019,11.5,Suriname
SUR,2020,11.5,Suriname
SUR,2021,11.5,Suriname
SUR,2022,11.5,Suriname
SUR,2023,11.5,Suriname
SUR,2024,11.7,Suriname
SVK,2015,36.8,Slovak Republic
SVK,2016,37.3,Slovak Republic
SVK,2017,37.3,Slovak Republic
SVK,2018,37.6,Slovak Republic
SVK,2019,37.6,Slovak Republic
SVK,2020,37.6,Slovak Republic
SVK,2021,37.6,Slovak Republic
SVK,2022,37.6,Slovak Republic
SVK,2023,37.6,Slovak Republic
SVK,2024,37.5,Slovak Republic
SVN,2015,53.85,Slovenia
SVN,2016,53.85,Slovenia
SVN,2017,53.8,Slovenia
SVN,2018,53.8,Slovenia
SVN,2019,53.8,Slovenia
SVN,2020,40.2,Slovenia
SVN,2021,40.25,Slovenia
SVN,2022,40.25,Slovenia
SVN,2023,40.25,Slovenia
SVN,2024,40.35,Slovenia
SWE,2015,14.0,Sweden
SWE,2016,13.7,Sweden
SWE,2017,14.95,Sweden
SWE,2018,14.95,Sweden
SWE,2019,14.5,Sweden
SWE,2020,14.6,Sweden
SWE,2021,14.65,Sweden
SWE,2022,15.45,Sweden
SWE,2023,15.45,Sweden
SWE,2024,15.55,Sweden
SWZ,2015,4.0,Eswatini
SWZ,2016,4.1,Eswatini
SWZ,2017,4.1,Eswatini
SWZ,2018,4.2,Eswatini
SWZ,2019,4.3,Eswatini
SWZ,2020,4.3,Eswatini
SWZ,2021,4.3,Eswatini
SWZ,2022,4.3,Eswatini
SWZ,2023,4.3,Eswatini
SWZ,2024,4.2,Eswatini
SXM,2016,2.5,Sint Maarten (Dutch part)
SXM,2017,4.05,Sint Maarten (Dutch part)
SXM,2018,4.05,Sint Maarten (Dutch part)
SXM,2019,4.05,Sint Maarten (Dutch part)
SXM,2020,4.05,Sint Maarten (Dutch part)
SXM,2021,4.449999999999999,Sint Maarten (Dutch part)
SXM,2022,4.449999999999999,Sint Maarten (Dutch part)
SXM,2023,4.449999999999999,Sint Maarten (Dutch part)
SXM,2024,2.8,Sint Maarten (Dutch part)
SYC,2015,21.1,Seychelles
SYC,2016,21.1,Seychelles
SYC,2017,21.1,Seychelles
SYC,2018,21.1,Seychelles
SYC,2019,32.65,Seychelles
SYC,2020,47.15,Seychelles
SYC,2021,47.15,Seychelles
SYC,2022,47.15,Seychelles
SYC,2023,47.15,Seychelles
SYC,2024,50.349999999999994,Seychelles
SYR,2015,0.7,Syrian Arab Republic
SYR,2016,0.7,Syrian Arab Republic
SYR,2017,0.7,Syrian Arab Republic
SYR,2018,0.7,Syrian Arab Republic
SYR,2019,0.7,Syrian Arab Republic
SYR,2020,0.7,Syrian Arab Republic
SYR,2021,0.7,Syrian Arab Republic
SYR,2022,0.7,Syrian Arab Republic
SYR,2023,0.7,Syrian Arab Republic
SYR,2024,0.7,Syrian Arab Republic
TCA,2015,22.4,Turks and Caicos Islands
TCA,2016,22.4,Turks and Caicos Islands
TCA,2017,22.4,Turks and Caicos Islands
TCA,2018,22.4,Turks and Caicos Islands
TCA,2019,22.4,Turks and Caicos Islands
TCA,2020,22.4,Turks and Caicos Islands
TCA,2021,22.4,Turks and Caicos Islands
TCA,2022,22.4,Turks and Caicos Islands
TCA,2023,22.4,Turks and Caicos Islands
TCA,2024,22.0,Turks and Caicos Islands
TCD,2015,18.6,Chad
TCD,2016,20.4,Chad
TCD,2017,20.4,Chad
TCD,2018,20.4,Chad
TCD,2019,20.4,Chad
TCD,2020,21.0,Chad
TCD,2021,21.0,Chad
TCD,2022,21.0,Chad
TCD,2023,21.0,Chad
TCD,2024,21.0,Chad
TEA,2015,11.45849526089578,East Asia & Pacific (IDA & IBRD countries)
TEA,2016,12.04566001611385,East Asia & Pacific (IDA & IBRD countries)
TEA,2017,12.079109000517601,East Asia & Pacific (IDA & IBRD countries)
TEA,2018,11.510340307121929,East Asia & Pacific (IDA & IBRD countries)
TEA,2019,11.618595447263814,East Asia & Pacific (IDA & IBRD countries)
TEA,2020,11.82259813157875,East Asia & Pacific (IDA & IBRD countries)
TEA,2021,11.822928157654555,East Asia & Pacific (IDA & IBRD countries)
TEA,2022,11.824995932061555,East Asia & Pacific (IDA & IBRD countries)
TEA,2023,11.82891735080249,East Asia & Pacific (IDA & IBRD countries)
TEA,2024,11.79015031926344,East Asia & Pacific (IDA & IBRD countries)
TEC,2015,8.10577242181763,Europe & Central Asia (IDA & IBRD countries)
TEC,2016,8.213051932083935,Europe & Central Asia (IDA & IBRD countries)
TEC,2017,8.223616016761625,Europe & Central Asia (IDA & IBRD countries)
TEC,2018,8.223616016761625,Europe & Central Asia (IDA & IBRD countries)
TEC,2019,8.25924709914353,Europe & Central Asia (IDA & IBRD countries)
TEC,2020,10.09845933622447,Europe & Central Asia (IDA & IBRD countries)
TEC,2021,10.549487427976356,Europe & Central Asia (IDA & IBRD countries)
TEC,2022,10.55987649129375,Europe & Central Asia (IDA & IBRD countries)
TEC,2023,10.58536225315741,Europe & Central Asia (IDA & IBRD countries)
TEC,2024,10.883457495008031,Europe & Central Asia (IDA & IBRD countries)
TGO,2015,24.700000000000003,Togo
TGO,2016,24.700000000000003,Togo
TGO,2017,24.700000000000003,Togo
TGO,2018,24.700000000000003,Togo
TGO,2019,24.700000000000003,Togo
TGO,2020,25.05,Togo
TGO,2021,25.05,Togo
TGO,2022,25.05,Togo
TGO,2023,25.05,Togo
TGO,2024,25.200000000000003,Togo
THA,2015,15.65,Thailand
THA,2016,15.65,Thailand
THA,2017,15.65,Thailand
THA,2018,15.65,Thailand
THA,2019,15.65,Thailand
THA,2020,15.9,Thailand
THA,2021,15.9,Thailand
THA,2022,15.9,Thailand
THA,2023,15.95,Thailand
THA,2024,15.899999999999999,Thailand
TJK,2015,22.3,Tajikistan
TJK,2016,22.3,Tajikistan
TJK,2017,22.3,Tajikistan
TJK,2018,22.3,Tajikistan
TJK,2019,22.3,Tajikistan
TJK,2020,22.3,Tajikistan
TJK,2021,22.3,Tajikistan
TJK,2022,22.3,Tajikistan
TJK,2023,22.3,Tajikistan
TJK,2024,22.6,Tajikistan
TKM,2015,3.2,Turkmenistan
TKM,2016,3.2,Turkmenistan
TKM,2017,3.2,Turkmenistan
TKM,2018,3.2,Turkmenistan
TKM,2019,3.2,Turkmenistan
TKM,2020,3.2,Turkmenistan
TKM,2021,3.2,Turkmenistan
TKM,2022,3.2,Turkmenistan
TKM,2023,3.2,Turkmenistan
TKM,2024,4.3,Turkmenistan
TLA,2015,18.7371265006659,Latin America & the Caribbean (IDA & IBRD countries)
TLA,2016,19.71603764950375,Latin America & the Caribbean (IDA & IBRD countries)
TLA,2017,19.815939556678302,Latin America & the Caribbean (IDA & IBRD countries)
TLA,2018,22.082734127805,Latin America & the Caribbean (IDA & IBRD countries)
TLA,2019,23.1612412917902,Latin America & the Caribbean (IDA & IBRD countries)
TLA,2020,23.38356807877365,Latin America & the Caribbean (IDA & IBRD countries)
TLA,2021,23.50855784317815,Latin America & the Caribbean (IDA & IBRD countries)
TLA,2022,23.9012566625095,Latin America & the Caribbean (IDA & IBRD countries)
TLA,2023,23.9968008569807,Latin America & the Caribbean (IDA & IBRD countries)
TLA,2024,24.34556208392175,Latin America & the Caribbean (IDA & IBRD countries)
TLS,2015,6.0,Timor-Leste
TLS,2016,8.75,Timor-Leste
TLS,2017,8.75,Timor-Leste
TLS,2018,8.75,Timor-Leste
TLS,2019,10.6,Timor-Leste
TLS,2020,10.6,Timor-Leste
TLS,2021,10.6,Timor-Leste
TLS,2022,10.6,Timor-Leste
TLS,2023,10.6,Timor-Leste
TLS,2024,10.4,Timor-Leste
TMN,2015,6.343755788563335,"Middle East, North Africa, Afghanistan & Pakistan (IDA & IBRD)"
TMN,2016,6.596837096996095,"Middle East, North Africa, Afghanistan & Pakistan (IDA & IBRD)"
TMN,2017,6.592285065791175,"Middle East, North Africa, Afghanistan & Pakistan (IDA & IBRD)"
TMN,2018,6.594424908958825,"Middle East, North Africa, Afghanistan & Pakistan (IDA & IBRD)"
TMN,2019,6.605297178751555,"Middle East, North Africa, Afghanistan & Pakistan (IDA & IBRD)"
TMN,2020,5.1863220218192705,"Middle East, North Africa, Afghanistan & Pakistan (IDA & IBRD)"
TMN,2021,5.10746582536675,"Middle East, North Africa, Afghanistan & Pakistan (IDA & IBRD)"
TMN,2022,5.10746582536675,"Middle East, North Africa, Afghanistan & Pakistan (IDA & IBRD)"
TMN,2023,5.10746582536675,"Middle East, North Africa, Afghanistan & Pakistan (IDA & IBRD)"
TMN,2024,5.65379190142951,"Middle East, North Africa, Afghanistan & Pakistan (IDA & IBRD)"
TON,2015,8.7,Tonga
TON,2016,8.7,Tonga
TON,2017,8.7,Tonga
TON,2018,8.7,Tonga
TON,2019,6.35,Tonga
TON,2020,6.35,Tonga
TON,2021,6.35,Tonga
TON,2022,6.35,Tonga
TON,2023,6.35,Tonga
TON,2024,6.7,Tonga
TSA,2015,5.685682677284725,South Asia (IDA & IBRD)
TSA,2016,5.691980757178,South Asia (IDA & IBRD)
TSA,2017,5.698304877205845,South Asia (IDA & IBRD)
TSA,2018,5.698304877205845,South Asia (IDA & IBRD)
TSA,2019,5.698304877205845,South Asia (IDA & IBRD)
TSA,2020,5.71282628509723,South Asia (IDA & IBRD)
TSA,2021,6.70781514913243,South Asia (IDA & IBRD)
TSA,2022,6.70781514913243,South Asia (IDA & IBRD)
TSA,2023,6.72321155481396,South Asia (IDA & IBRD)
TSA,2024,6.852969144482184,South Asia (IDA & IBRD)
TSS,2015,13.7372874527525,Sub-Saharan Africa (IDA & IBRD countries)
TSS,2016,14.30010317452735,Sub-Saharan Africa (IDA & IBRD countries)
TSS,2017,14.559358038562749,Sub-Saharan Africa (IDA & IBRD countries)
TSS,2018,14.28222827173095,Sub-Saharan Africa (IDA & IBRD countries)
TSS,2019,14.278473152776598,Sub-Saharan Africa (IDA & IBRD countries)
TSS,2020,14.846155254728501,Sub-Saharan Africa (IDA & IBRD countries)
TSS,2021,14.903285010705499,Sub-Saharan Africa (IDA & IBRD countries)
TSS,2022,14.93479510968075,Sub-Saharan Africa (IDA & IBRD countries)
TSS,2023,15.2418821711864,Sub-Saharan Africa (IDA & IBRD countries)
TSS,2024,15.411421315422949,Sub-Saharan Africa (IDA & IBRD countries)
TTO,2015,16.3,Trinidad and Tobago
TTO,2016,16.3,Trinidad and Tobago
TTO,2017,16.3,Trinidad and Tobago
TTO,2018,16.3,Trinidad and Tobago
TTO,2019,16.3,Trinidad and Tobago
TTO,2020,16.3,Trinidad and Tobago
TTO,2021,16.3,Trinidad and Tobago
TTO,2022,16.3,Trinidad and Tobago
TTO,2023,16.3,Trinidad and Tobago
TTO,2024,16.3,Trinidad and Tobago
TUN,2015,4.550000000000001,Tunisia
TUN,2016,6.550000000000001,Tunisia
TUN,2017,6.550000000000001,Tunisia
TUN,2018,6.550000000000001,Tunisia
TUN,2019,6.550000000000001,Tunisia
TUN,2020,6.550000000000001,Tunisia
TUN,2021,6.550000000000001,Tunisia
TUN,2022,6.550000000000001,Tunisia
TUN,2023,6.550000000000001,Tunisia
TUN,2024,6.550000000000001,Tunisia
TUR,2015,0.2,Turkiye
TUR,2016,0.2,Turkiye
TUR,2017,0.2,Turkiye
TUR,2018,0.2,Turkiye
TUR,2019,0.2,Turkiye
TUR,2020,0.2,Turkiye
TUR,2021,6.35,Turkiye
TUR,2022,6.35,Turkiye
TUR,2023,6.35,Turkiye
TUR,2024,6.35,Turkiye
TUV,2015,1.0,Tuvalu
TUV,2016,1.0,Tuvalu
TUV,2017,1.0,Tuvalu
TUV,2018,1.0,Tuvalu
TUV,2019,6.6,Tuvalu
TUV,2020,6.6,Tuvalu
TUV,2021,6.6,Tuvalu
TUV,2022,6.6,Tuvalu
TUV,2023,6.6,Tuvalu
TUV,2024,10.1,Tuvalu
TZA,2015,28.95,Tanzania
TZA,2016,34.45,Tanzania
TZA,2017,34.5,Tanzania
TZA,2018,34.6,Tanzania
TZA,2019,34.6,Tanzania
TZA,2020,34.6,Tanzania
TZA,2021,34.6,Tanzania
TZA,2022,34.8,Tanzania
TZA,2023,36.15,Tanzania
TZA,2024,36.15,Tanzania
UGA,2015,16.1,Uganda
UGA,2016,16.1,Uganda
UGA,2017,16.1,Uganda
UGA,2018,16.1,Uganda
UGA,2019,16.1,Uganda
UGA,2020,16.1,Uganda
UGA,2021,16.1,Uganda
UGA,2022,16.1,Uganda
UGA,2023,16.1,Uganda
UGA,2024,16.1,Uganda
UKR,2015,3.95,Ukraine
UKR,2016,3.95,Ukraine
UKR,2017,3.95,Ukraine
UKR,2018,3.95,Ukraine
UKR,2019,3.95,Ukraine
UKR,2020,4.25,Ukraine
UKR,2021,12.65,Ukraine
UKR,2022,12.65,Ukraine
UKR,2023,12.65,Ukraine
UKR,2024,17.25,Ukraine
UMC,2015,12.81868017788355,Upper middle income
UMC,2016,13.253165365403099,Upper middle income
UMC,2017,13.35786128321285,Upper middle income
UMC,2018,13.76471838394935,Upper middle income
UMC,2019,13.9927438442242,Upper middle income
UMC,2020,14.33895261043355,Upper middle income
UMC,2021,14.598087570932599,Upper middle income
UMC,2022,14.7115554072517,Upper middle income
UMC,2023,14.7578568752344,Upper middle income
UMC,2024,15.047011687878399,Upper middle income
URY,2015,2.2,Uruguay
URY,2016,2.8499999999999996,Uruguay
URY,2017,2.8499999999999996,Uruguay
URY,2018,2.8499999999999996,Uruguay
URY,2019,3.0,Uruguay
URY,2020,3.05,Uruguay
URY,2021,3.05,Uruguay
URY,2022,3.05,Uruguay
URY,2023,3.05,Uruguay
URY,2024,2.75,Uruguay
USA,2015,16.6,United States
USA,2016,19.65,United States
USA,2017,20.05,United States
USA,2018,19.65,United States
USA,2019,19.65,United States
USA,2020,17.85,United States
USA,2021,14.45,United States
USA,2022,14.45,United States
USA,2023,14.4,United States
USA,2024,14.350000000000001,United States
UZB,2015,3.4,Uzbekistan
UZB,2016,3.4,Uzbekistan
UZB,2017,3.4,Uzbekistan
UZB,2018,3.4,Uzbekistan
UZB,2019,3.4,Uzbekistan
UZB,2020,5.8,Uzbekistan
UZB,2021,5.8,Uzbekistan
UZB,2022,5.8,Uzbekistan
UZB,2023,9.5,Uzbekistan
UZB,2024,9.5,Uzbekistan
VCT,2015,11.45,St. Vincent and the Grenadines
VCT,2016,11.45,St. Vincent and the Grenadines
VCT,2017,11.45,St. Vincent and the Grenadines
VCT,2018,11.45,St. Vincent and the Grenadines
VCT,2019,11.45,St. Vincent and the Grenadines
VCT,2020,11.45,St. Vincent and the Grenadines
VCT,2021,11.45,St. Vincent and the Grenadines
VCT,2022,11.45,St. Vincent and the Grenadines
VCT,2023,11.45,St. Vincent and the Grenadines
VCT,2024,11.55,St. Vincent and the Grenadines
VEN,2015,45.5,"Venezuela, RB"
VEN,2016,45.5,"Venezuela, RB"
VEN,2017,45.5,"Venezuela, RB"
VEN,2018,45.5,"Venezuela, RB"
VEN,2019,45.5,"Venezuela, RB"
VEN,2020,47.95,"Venezuela, RB"
VEN,2021,47.95,"Venezuela, RB"
VEN,2022,47.95,"Venezuela, RB"
VEN,2023,47.95,"Venezuela, RB"
VEN,2024,47.9,"Venezuela, RB"
VGB,2015,4.45,British Virgin Islands
VGB,2016,4.45,British Virgin Islands
VGB,2017,4.55,British Virgin Islands
VGB,2018,4.55,British Virgin Islands
VGB,2019,4.55,British Virgin Islands
VGB,2020,4.55,British Virgin Islands
VGB,2021,4.55,British Virgin Islands
VGB,2022,4.55,British Virgin Islands
VGB,2023,4.55,British Virgin Islands
VGB,2024,5.25,British Virgin Islands
VIR,2015,7.8,Virgin Islands (U.S.)
VIR,2016,7.4,Virgin Islands (U.S.)
VIR,2017,7.4,Virgin Islands (U.S.)
VIR,2018,7.4,Virgin Islands (U.S.)
VIR,2019,7.4,Virgin Islands (U.S.)
VIR,2020,6.95,Virgin Islands (U.S.)
VIR,2021,7.7,Virgin Islands (U.S.)
VIR,2022,7.7,Virgin Islands (U.S.)
VIR,2023,7.7,Virgin Islands (U.S.)
VIR,2024,7.1000000000000005,Virgin Islands (U.S.)
VNM,2015,5.25,Viet Nam
VNM,2016,5.25,Viet Nam
VNM,2017,5.25,Viet Nam
VNM,2018,5.25,Viet Nam
VNM,2019,5.25,Viet Nam
VNM,2020,5.25,Viet Nam
VNM,2021,5.25,Viet Nam
VNM,2022,5.25,Viet Nam
VNM,2023,5.25,Viet Nam
VNM,2024,5.25,Viet Nam
VUT,2015,2.15,Vanuatu
VUT,2016,2.15,Vanuatu
VUT,2017,2.15,Vanuatu
VUT,2018,2.15,Vanuatu
VUT,2019,2.15,Vanuatu
VUT,2020,2.15,Vanuatu
VUT,2021,2.15,Vanuatu
VUT,2022,2.15,Vanuatu
VUT,2023,2.15,Vanuatu
VUT,2024,2.15,Vanuatu
WLD,2015,13.57644274172645,World
WLD,2016,14.0670568173453,World
WLD,2017,14.31842054651675,World
WLD,2018,14.54553592458005,World
WLD,2019,14.8227406590517,World
WLD,2020,15.105861180809999,World
WLD,2021,15.248595347147699,World
WLD,2022,15.3628625811709,World
WLD,2023,15.513933986016799,World
WLD,2024,15.86961664020965,World
WSM,2015,3.5,Samoa
WSM,2016,3.5,Samoa
WSM,2017,3.75,Samoa
WSM,2018,3.75,Samoa
WSM,2019,3.75,Samoa
WSM,2020,4.25,Samoa
WSM,2021,4.25,Samoa
WSM,2022,4.25,Samoa
WSM,2023,4.25,Samoa
WSM,2024,4.05,Samoa
YEM,2015,0.7,"Yemen, Rep."
YEM,2016,0.7,"Yemen, Rep."
YEM,2017,0.7,"Yemen, Rep."
YEM,2018,0.7,"Yemen, Rep."
YEM,2019,0.7,"Yemen, Rep."
YEM,2020,0.7,"Yemen, Rep."
YEM,2021,0.7,"Yemen, Rep."
YEM,2022,0.7,"Yemen, Rep."
YEM,2023,0.7,"Yemen, Rep."
YEM,2024,0.9,"Yemen, Rep."
ZAF,2015,11.45,South Africa
ZAF,2016,13.55,South Africa
ZAF,2017,13.55,South Africa
ZAF,2018,9.15,South Africa
ZAF,2019,10.05,South Africa
ZAF,2020,10.5,South Africa
ZAF,2021,10.6,South Africa
ZAF,2022,11.0,South Africa
ZAF,2023,11.0,South Africa
ZAF,2024,11.15,South Africa
ZMB,2015,38.0,Zambia
ZMB,2016,38.0,Zambia
ZMB,2017,37.9,Zambia
ZMB,2018,37.9,Zambia
ZMB,2019,41.3,Zambia
ZMB,2020,41.3,Zambia
ZMB,2021,41.3,Zambia
ZMB,2022,41.3,Zambia
ZMB,2023,41.3,Zambia
ZMB,2024,41.3,Zambia
ZWE,2015,26.7,Zimbabwe
ZWE,2016,27.2,Zimbabwe
ZWE,2017,27.2,Zimbabwe
ZWE,2018,27.2,Zimbabwe
ZWE,2019,27.2,Zimbabwe
ZWE,2020,27.2,Zimbabwe
ZWE,2021,27.2,Zimbabwe
ZWE,2022,27.2,Zimbabwe
ZWE,2023,28.3,Zimbabwe
ZWE,2024,28.3,Zimbabwe
